Location;Parameter;Analytical Method;Calculated Method;Qual;Result;Units;MDL;ML;RL;Sampling Date;Sampling Time;Analysis Date;Analysis Time;Review Priority Indicator;QA Codes;Comments;Facility Name;Report Name;Latitude;Longitude;Receiving Water Body
EFF-001;Total Dissolved Solids (TDS);Standard Method (19th) 2540 C: Total Diss. Solids at 180 deg.;;=;600;mg/L;28,0;;;2011-02-08;00:00:00;2011-02-09;00:00:00;;;;Los Angeles-Glendale WWRP; Monthly SMR ( MONNPDES ) report for February 2011;;;Los Angeles River
EFF-001;Total Dissolved Solids (TDS);;Daily Discharge;=;68902;lb/day;;;;2012-01-04;00:00:00;2012-01-31;00:00:00;;;;Los Angeles-Glendale WWRP; Monthly SMR ( MONNPDES ) report for January 2012;;;Los Angeles River
R-4;Total Dissolved Solids (TDS);Standard Method (19th) 2540 C: Total Diss. Solids at 180 deg.;;=;612;mg/L;28,0;;;2011-02-15;08:30:00;2011-02-16;00:00:00;;;;Los Angeles-Glendale WWRP; Monthly SMR ( MONNPDES ) report for February 2011;;;Los Angeles River
EFF-001;Total Dissolved Solids (TDS);;Monthly Average (Mean);=;68902;lb/day;;;;2012-01-31;00:00:00;2012-01-31;00:00:00;;;;Los Angeles-Glendale WWRP; Monthly SMR ( MONNPDES ) report for January 2012;;;Los Angeles River
R-7;Total Dissolved Solids (TDS);Standard Method (19th) 2540 C: Total Diss. Solids at 180 deg.;;=;612;mg/L;28,0;;;2011-02-15;08:40:00;2011-02-16;00:00:00;;;;Los Angeles-Glendale WWRP; Monthly SMR ( MONNPDES ) report for February 2011;;;Los Angeles River
EFF-001;Total Dissolved Solids (TDS);;Daily Discharge;=;73151;lb/day;;;;2011-02-08;00:00:00;2011-02-28;00:00:00;;;;Los Angeles-Glendale WWRP; Monthly SMR ( MONNPDES ) report for February 2011;;;Los Angeles River
EFF-001;Total Dissolved Solids (TDS);;Monthly Average (Mean);=;73151;lb/day;;;;2011-02-28;00:00:00;2011-02-28;00:00:00;;;;Los Angeles-Glendale WWRP; Monthly SMR ( MONNPDES ) report for February 2011;;;Los Angeles River
EFF-001;Total Dissolved Solids (TDS);;Monthly Average (Mean);=;600;mg/L;28,0;;;2011-02-28;00:00:00;2011-02-28;00:00:00;;;;Los Angeles-Glendale WWRP; Monthly SMR ( MONNPDES ) report for February 2011;;;Los Angeles River
EFF-001;Total Dissolved Solids (TDS);Standard Method (19th) 2540 C: Total Diss. Solids at 180 deg.;;=;616;mg/L;28,0;;;2011-03-03;00:00:00;2011-03-08;00:00:00;;;;Los Angeles-Glendale WWRP; Monthly SMR ( MONNPDES ) report for March 2011;;;Los Angeles River
EFF-001;Total Dissolved Solids (TDS);;Daily Discharge;=;88433;lb/day;;;;2011-03-03;00:00:00;2011-03-31;00:00:00;;;;Los Angeles-Glendale WWRP; Monthly SMR ( MONNPDES ) report for March 2011;;;Los Angeles River
EFF-001;Total Dissolved Solids (TDS);;Monthly Average (Mean);=;88433;lb/day;;;;2011-03-31;00:00:00;2011-03-31;00:00:00;;;;Los Angeles-Glendale WWRP; Monthly SMR ( MONNPDES ) report for March 2011;;;Los Angeles River
EFF-001;Total Dissolved Solids (TDS);;Monthly Average (Mean);=;616;mg/L;28,0;;;2011-03-31;00:00:00;2011-03-31;00:00:00;;;;Los Angeles-Glendale WWRP; Monthly SMR ( MONNPDES ) report for March 2011;;;Los Angeles River
EFF-001;Total Dissolved Solids (TDS);Standard Method (19th) 2540 C: Total Diss. Solids at 180 deg.;;=;592;mg/L;28,0;;;2011-04-03;00:00:00;2011-04-05;00:00:00;;;;Los Angeles-Glendale WWRP; Monthly SMR ( MONNPDES ) report for April 2011;;;Los Angeles River
EFF-001;Total Dissolved Solids (TDS);;Daily Discharge;=;78252;lb/day;;;;2011-04-03;00:00:00;2011-04-30;00:00:00;;;;Los Angeles-Glendale WWRP; Monthly SMR ( MONNPDES ) report for April 2011;;;Los Angeles River
EFF-001;Total Dissolved Solids (TDS);;Monthly Average (Mean);=;78252;lb/day;;;;2011-04-30;00:00:00;2011-04-30;00:00:00;;;;Los Angeles-Glendale WWRP; Monthly SMR ( MONNPDES ) report for April 2011;;;Los Angeles River
EFF-001;Total Dissolved Solids (TDS);;Monthly Average (Mean);=;592;mg/L;28,0;;;2011-04-30;00:00:00;2011-04-30;00:00:00;;;;Los Angeles-Glendale WWRP; Monthly SMR ( MONNPDES ) report for April 2011;;;Los Angeles River
EFF-001;Total Dissolved Solids (TDS);Standard Method (19th) 2540 C: Total Diss. Solids at 180 deg.;;=;484;mg/L;28,0;;;2011-05-02;00:00:00;2011-05-03;00:00:00;;;;Los Angeles-Glendale WWRP; Monthly SMR ( MONNPDES ) report for May 2011;;;Los Angeles River
EFF-001;Total Dissolved Solids (TDS);;Daily Discharge;=;46970;lb/day;;;;2011-05-02;00:00:00;2011-05-31;00:00:00;;;;Los Angeles-Glendale WWRP; Monthly SMR ( MONNPDES ) report for May 2011;;;Los Angeles River
R-4;Total Dissolved Solids (TDS);Standard Method (19th) 2540 C: Total Diss. Solids at 180 deg.;;=;652;mg/L;28,0;;;2011-05-03;09:00:00;2011-05-03;00:00:00;;;;Los Angeles-Glendale WWRP; Monthly SMR ( MONNPDES ) report for May 2011;;;Los Angeles River
EFF-001;Total Dissolved Solids (TDS);;Monthly Average (Mean);=;46970;lb/day;;;;2011-05-31;00:00:00;2011-05-31;00:00:00;;;;Los Angeles-Glendale WWRP; Monthly SMR ( MONNPDES ) report for May 2011;;;Los Angeles River
R-7;Total Dissolved Solids (TDS);Standard Method (19th) 2540 C: Total Diss. Solids at 180 deg.;;=;652;mg/L;28,0;;;2011-05-03;09:15:00;2011-05-03;00:00:00;;;;Los Angeles-Glendale WWRP; Monthly SMR ( MONNPDES ) report for May 2011;;;Los Angeles River
EFF-001;Total Dissolved Solids (TDS);;Daily Discharge;=;64535;lb/day;;;;2011-06-04;00:00:00;2011-06-30;00:00:00;;;;Los Angeles-Glendale WWRP; Monthly SMR ( MONNPDES ) report for June 2011;;;Los Angeles River
EFF-001;Total Dissolved Solids (TDS);;Monthly Average (Mean);=;484;mg/L;28,0;;;2011-05-31;00:00:00;2011-05-31;00:00:00;;;;Los Angeles-Glendale WWRP; Monthly SMR ( MONNPDES ) report for May 2011;;;Los Angeles River
EFF-001;Total Dissolved Solids (TDS);;Monthly Average (Mean);=;64535;lb/day;;;;2011-06-30;00:00:00;2011-06-30;00:00:00;;;;Los Angeles-Glendale WWRP; Monthly SMR ( MONNPDES ) report for June 2011;;;Los Angeles River
EFF-001;Total Dissolved Solids (TDS);Standard Method (19th) 2540 C: Total Diss. Solids at 180 deg.;;=;580;mg/L;25,0;25,0;25,0;2011-06-04;00:00:00;2011-06-07;00:00:00;;;;Los Angeles-Glendale WWRP; Monthly SMR ( MONNPDES ) report for June 2011;;;Los Angeles River
EFF-001;Total Dissolved Solids (TDS);;Daily Discharge;=;51431;lb/day;;;;2011-07-06;00:00:00;2011-07-31;00:00:00;;;;Los Angeles-Glendale WWRP; Monthly SMR ( MONNPDES ) report for July 2011;;;Los Angeles River
EFF-001;Total Dissolved Solids (TDS);;Monthly Average (Mean);=;51431;lb/day;;;;2011-07-31;00:00:00;2011-07-31;00:00:00;;;;Los Angeles-Glendale WWRP; Monthly SMR ( MONNPDES ) report for July 2011;;;Los Angeles River
EFF-001;Total Dissolved Solids (TDS);;Monthly Average (Mean);=;580;mg/L;25,0;;25,0;2011-06-30;00:00:00;2011-06-30;00:00:00;;;;Los Angeles-Glendale WWRP; Monthly SMR ( MONNPDES ) report for June 2011;;;Los Angeles River
EFF-001;Total Dissolved Solids (TDS);Standard Method (19th) 2540 C: Total Diss. Solids at 180 deg.;;=;564;mg/L;25,0;25,0;25,0;2011-07-06;00:00:00;2011-07-07;00:00:00;;;;Los Angeles-Glendale WWRP; Monthly SMR ( MONNPDES ) report for July 2011;;;Los Angeles River
EFF-001;Total Dissolved Solids (TDS);;Daily Discharge;=;52124;lb/day;;;;2011-08-01;00:00:00;2011-08-31;00:00:00;;;;Los Angeles-Glendale WWRP; Monthly SMR ( MONNPDES ) report for August 2011;;;Los Angeles River
EFF-001;Total Dissolved Solids (TDS);;Monthly Average (Mean);=;564;mg/L;25,0;;25,0;2011-07-31;00:00:00;2011-07-31;00:00:00;;;;Los Angeles-Glendale WWRP; Monthly SMR ( MONNPDES ) report for July 2011;;;Los Angeles River
EFF-001;Total Dissolved Solids (TDS);;Monthly Average (Mean);=;52124;lb/day;;;;2011-08-31;00:00:00;2011-08-31;00:00:00;;;;Los Angeles-Glendale WWRP; Monthly SMR ( MONNPDES ) report for August 2011;;;Los Angeles River
EFF-001;Total Dissolved Solids (TDS);Standard Method (19th) 2540 C: Total Diss. Solids at 180 deg.;;=;528;mg/L;25,0;25,0;25,0;2011-08-01;00:00:00;2011-08-04;00:00:00;;;;Los Angeles-Glendale WWRP; Monthly SMR ( MONNPDES ) report for August 2011;;;Los Angeles River
EFF-001;Total Dissolved Solids (TDS);;Daily Discharge;=;55507;lb/day;;;;2011-09-01;00:00:00;2011-09-30;00:00:00;;;;Los Angeles-Glendale WWRP; Monthly SMR ( MONNPDES ) report for September 2011;;;Los Angeles River
R-4;Total Dissolved Solids (TDS);Standard Method (19th) 2540 C: Total Diss. Solids at 180 deg.;;=;672;mg/L;25,0;25,0;25,0;2011-08-09;09:15:00;2011-08-10;00:00:00;;;;Los Angeles-Glendale WWRP; Monthly SMR ( MONNPDES ) report for August 2011;;;Los Angeles River
EFF-001;Total Dissolved Solids (TDS);;Monthly Average (Mean);=;55507;lb/day;;;;2011-09-30;00:00:00;2011-09-30;00:00:00;;;;Los Angeles-Glendale WWRP; Monthly SMR ( MONNPDES ) report for September 2011;;;Los Angeles River
R-7;Total Dissolved Solids (TDS);Standard Method (19th) 2540 C: Total Diss. Solids at 180 deg.;;=;634;mg/L;25,0;25,0;25,0;2011-08-09;09:30:00;2011-08-10;00:00:00;;;;Los Angeles-Glendale WWRP; Monthly SMR ( MONNPDES ) report for August 2011;;;Los Angeles River
EFF-001;Total Dissolved Solids (TDS);;Daily Discharge;=;52237;lb/day;;;;2011-10-01;00:00:00;2011-10-31;00:00:00;;;;Los Angeles-Glendale WWRP; Monthly SMR ( MONNPDES ) report for October 2011;;;Los Angeles River
EFF-001;Total Dissolved Solids (TDS);;Monthly Average (Mean);=;528;mg/L;25,0;;25,0;2011-08-31;00:00:00;2011-08-31;00:00:00;;;;Los Angeles-Glendale WWRP; Monthly SMR ( MONNPDES ) report for August 2011;;;Los Angeles River
EFF-001;Total Dissolved Solids (TDS);;Monthly Average (Mean);=;52237;lb/day;;;;2011-10-31;00:00:00;2011-10-31;00:00:00;;;;Los Angeles-Glendale WWRP; Monthly SMR ( MONNPDES ) report for October 2011;;;Los Angeles River
EFF-001;Total Dissolved Solids (TDS);Standard Method (19th) 2540 C: Total Diss. Solids at 180 deg.;;=;582;mg/L;25,0;25,0;25,0;2011-09-01;00:00:00;2011-09-08;00:00:00;;;;Los Angeles-Glendale WWRP; Monthly SMR ( MONNPDES ) report for September 2011;;;Los Angeles River
EFF-001;Total Dissolved Solids (TDS);;Daily Discharge;=;75240;lb/day;;;;2011-11-15;00:00:00;2011-11-30;00:00:00;;;;Los Angeles-Glendale WWRP; Monthly SMR ( MONNPDES ) report for November 2011;;;Los Angeles River
EFF-001;Total Dissolved Solids (TDS);;Monthly Average (Mean);=;582;mg/L;25,0;;25,0;2011-09-30;00:00:00;2011-09-30;00:00:00;;;;Los Angeles-Glendale WWRP; Monthly SMR ( MONNPDES ) report for September 2011;;;Los Angeles River
EFF-001;Total Dissolved Solids (TDS);;Monthly Average (Mean);=;75240;lb/day;;;;2011-11-30;00:00:00;2011-11-30;00:00:00;;;;Los Angeles-Glendale WWRP; Monthly SMR ( MONNPDES ) report for November 2011;;;Los Angeles River
EFF-001;Total Dissolved Solids (TDS);Standard Method (19th) 2540 C: Total Diss. Solids at 180 deg.;;=;446;mg/L;25,0;25,0;25,0;2011-10-01;00:00:00;2011-10-04;00:00:00;;;;Los Angeles-Glendale WWRP; Monthly SMR ( MONNPDES ) report for October 2011;;;Los Angeles River
EFF-001;Total Dissolved Solids (TDS);;Daily Discharge;=;81160;lb/day;;;;2011-12-02;00:00:00;2011-12-31;00:00:00;;;;Los Angeles-Glendale WWRP; Monthly SMR ( MONNPDES ) report for December 2011;;;Los Angeles River
EFF-001;Total Dissolved Solids (TDS);;Monthly Average (Mean);=;81160;lb/day;;;;2011-12-31;00:00:00;2011-12-31;00:00:00;;;;Los Angeles-Glendale WWRP; Monthly SMR ( MONNPDES ) report for December 2011;;;Los Angeles River
EFF-001;Total Dissolved Solids (TDS);;Monthly Average (Mean);=;446;mg/L;25,0;;25,0;2011-10-31;00:00:00;2011-10-31;00:00:00;;;;Los Angeles-Glendale WWRP; Monthly SMR ( MONNPDES ) report for October 2011;;;Los Angeles River
EFF-001;Total Dissolved Solids (TDS);Standard Method (19th) 2540 C: Total Diss. Solids at 180 deg.;;=;584;mg/L;25,0;25,0;25,0;2011-11-15;00:00:00;2011-11-15;00:00:00;;;;Los Angeles-Glendale WWRP; Monthly SMR ( MONNPDES ) report for November 2011;;;Los Angeles River
EFF-001A;Total Dissolved Solids (TDS);;Daily Discharge;=;68318;lb/day;;;;2013-01-02;00:00:00;2013-01-31;00:00:00;;;;Los Angeles-Glendale WWRP; Monthly SMR ( MONNPDES ) report for January 2013;34,1372;-118,27422;Los Angeles River
R-4;Total Dissolved Solids (TDS);Standard Method (19th) 2540 C: Total Diss. Solids at 180 deg.;;=;604;mg/L;25,0;25,0;25,0;2011-11-15;09:00:00;2011-11-15;00:00:00;;;;Los Angeles-Glendale WWRP; Monthly SMR ( MONNPDES ) report for November 2011;;;Los Angeles River
EFF-001A;Total Dissolved Solids (TDS);;Daily Discharge;=;51287;lb/day;;;;2018-01-03;00:00:00;2018-01-31;00:00:00;;;;Los Angeles-Glendale WWRP; Monthly SMR ( MONNPDES ) report for January 2018;34,1372;-118,27422;Los Angeles River
R-7;Total Dissolved Solids (TDS);Standard Method (19th) 2540 C: Total Diss. Solids at 180 deg.;;=;598;mg/L;25,0;25,0;25,0;2011-11-15;09:15:00;2011-11-15;00:00:00;;;;Los Angeles-Glendale WWRP; Monthly SMR ( MONNPDES ) report for November 2011;;;Los Angeles River
EFF-001A;Total Dissolved Solids (TDS);;Daily Discharge;=;72237;lb/day;;;;2019-01-03;00:00:00;2019-01-31;00:00:00;;;;Los Angeles-Glendale WWRP; Monthly SMR ( MONNPDES ) report for January 2019;34,1372;-118,27422;Los Angeles River
EFF-001;Total Dissolved Solids (TDS);;Monthly Average (Mean);=;584;mg/L;25,0;;25,0;2011-11-30;00:00:00;2011-11-30;00:00:00;;;;Los Angeles-Glendale WWRP; Monthly SMR ( MONNPDES ) report for November 2011;;;Los Angeles River
EFF-001A;Total Dissolved Solids (TDS);;Daily Discharge;=;63659;lb/day;;;;2023-01-03;00:00:00;2023-01-31;00:00:00;;;;Los Angeles-Glendale WWRP; Monthly SMR ( MONNPDES ) report for January 2023;34,1372;-118,27422;Los Angeles River
EFF-001;Total Dissolved Solids (TDS);Standard Method (19th) 2540 C: Total Diss. Solids at 180 deg.;;=;614;mg/L;25,0;25,0;25,0;2011-12-02;00:00:00;2011-12-09;00:00:00;;;;Los Angeles-Glendale WWRP; Monthly SMR ( MONNPDES ) report for December 2011;;;Los Angeles River
EFF-001A;Total Dissolved Solids (TDS);;Daily Discharge;=;61127;lb/day;;;;2020-01-04;00:00:00;2020-01-31;00:00:00;;;;Los Angeles-Glendale WWRP; Monthly SMR ( MONNPDES ) report for January 2020;34,1372;-118,27422;Los Angeles River
EFF-001;Total Dissolved Solids (TDS);;Monthly Average (Mean);=;614;mg/L;25,0;;25,0;2011-12-31;00:00:00;2011-12-31;00:00:00;;;;Los Angeles-Glendale WWRP; Monthly SMR ( MONNPDES ) report for December 2011;;;Los Angeles River
EFF-001A;Total Dissolved Solids (TDS);;Daily Discharge;=;60834;lb/day;;;;2022-01-04;00:00:00;2022-01-31;00:00:00;;;;Los Angeles-Glendale WWRP; Monthly SMR ( MONNPDES ) report for January 2022;34,1372;-118,27422;Los Angeles River
EFF-001;Total Dissolved Solids (TDS);Standard Method (19th) 2540 C: Total Diss. Solids at 180 deg.;;=;580;mg/L;25,0;25,0;25,0;2012-01-04;00:00:00;2012-01-10;00:00:00;;;;Los Angeles-Glendale WWRP; Monthly SMR ( MONNPDES ) report for January 2012;;;Los Angeles River
EFF-001A;Total Dissolved Solids (TDS);;Daily Discharge;=;64278;lb/day;;;;2015-01-05;00:00:00;2015-01-31;00:00:00;;;;Los Angeles-Glendale WWRP; Monthly SMR ( MONNPDES ) report for January 2015;34,1372;-118,27422;Los Angeles River
EFF-001;Total Dissolved Solids (TDS);;Monthly Average (Mean);=;580;mg/L;25,0;;25,0;2012-01-31;00:00:00;2012-01-31;00:00:00;;;;Los Angeles-Glendale WWRP; Monthly SMR ( MONNPDES ) report for January 2012;;;Los Angeles River
EFF-001A;Total Dissolved Solids (TDS);;Daily Discharge;=;84369;lb/day;;;;2016-01-05;00:00:00;2016-01-31;00:00:00;;;;Los Angeles-Glendale WWRP; Monthly SMR ( MONNPDES ) report for January 2016;34,1372;-118,27422;Los Angeles River
EFF-001A;Total Dissolved Solids (TDS);Standard Method (19th) 2540 C: Total Diss. Solids at 180 deg.;;=;598;mg/L;25,0;25,0;25,0;2012-02-06;00:00:00;2012-02-09;00:00:00;;;;Los Angeles-Glendale WWRP; Monthly SMR ( MONNPDES ) report for February 2012;34,1372;-118,27422;Los Angeles River
EFF-001A;Total Dissolved Solids (TDS);;Daily Discharge;=;85383;lb/day;;;;2017-01-05;00:00:00;2017-01-31;00:00:00;;;;Los Angeles-Glendale WWRP; Monthly SMR ( MONNPDES ) report for January 2017;34,1372;-118,27422;Los Angeles River
RSW-650;Total Dissolved Solids (TDS);Standard Method (19th) 2540 C: Total Diss. Solids at 180 deg.;;=;723;mg/L;25,0;25,0;25,0;2012-02-07;07:20:00;2012-02-09;00:00:00;;;;Los Angeles-Glendale WWRP; Monthly SMR ( MONNPDES ) report for February 2012;34,134833;-118,274533;Los Angeles River
EFF-001A;Total Dissolved Solids (TDS);;Daily Discharge;=;63249;lb/day;;;;2021-01-05;00:00:00;2021-01-31;00:00:00;;;;Los Angeles-Glendale WWRP; Monthly SMR ( MONNPDES ) report for January 2021;34,1372;-118,27422;Los Angeles River
RSW-654;Total Dissolved Solids (TDS);Standard Method (19th) 2540 C: Total Diss. Solids at 180 deg.;;=;702;mg/L;25,0;25,0;25,0;2012-02-07;07:40:00;2012-02-09;00:00:00;;;;Los Angeles-Glendale WWRP; Monthly SMR ( MONNPDES ) report for February 2012;34,122833;-118,27045;Los Angeles River
EFF-001A;Total Dissolved Solids (TDS);;Daily Discharge;=;51530;lb/day;;;;2024-01-05;00:00:00;2024-01-31;00:00:00;;;;Los Angeles-Glendale WWRP; Monthly SMR ( MONNPDES ) report for January 2024;34,1372;-118,27422;Los Angeles River
EFF-001A;Total Dissolved Solids (TDS);;Monthly Average (Mean);=;598;mg/L;25,0;;25,0;2012-02-29;00:00:00;2012-02-29;00:00:00;;;;Los Angeles-Glendale WWRP; Monthly SMR ( MONNPDES ) report for February 2012;34,1372;-118,27422;Los Angeles River
EFF-001A;Total Dissolved Solids (TDS);;Daily Discharge;=;62886;lb/day;;;;2014-01-06;00:00:00;2014-01-31;00:00:00;;;;Los Angeles-Glendale WWRP; Monthly SMR ( MONNPDES ) report for January 2014;34,1372;-118,27422;Los Angeles River
EFF-001A;Total Dissolved Solids (TDS);Standard Method (19th) 2540 C: Total Diss. Solids at 180 deg.;;=;620;mg/L;25,0;25,0;25,0;2012-03-02;00:00:00;2012-03-06;00:00:00;;;;Los Angeles-Glendale WWRP; Monthly SMR ( MONNPDES ) report for March 2012;34,1372;-118,27422;Los Angeles River
EFF-001A;Total Dissolved Solids (TDS);;Daily Discharge;=;58308;lb/day;;;;2025-01-06;00:00:00;2025-01-31;00:00:00;;;;Los Angeles-Glendale WWRP; Monthly SMR ( MONNPDES ) report for January 2025;34,1372;-118,27422;Los Angeles River
EFF-001A;Total Dissolved Solids (TDS);;Monthly Average (Mean);=;620;mg/L;25,0;;25,0;2012-03-31;00:00:00;2012-03-31;00:00:00;;;;Los Angeles-Glendale WWRP; Monthly SMR ( MONNPDES ) report for March 2012;34,1372;-118,27422;Los Angeles River
EFF-001A;Total Dissolved Solids (TDS);;Daily Discharge;=;43336;lb/day;;;;2026-01-06;00:00:00;2026-01-31;00:00:00;;;;Los Angeles-Glendale WWRP; Monthly SMR ( MONNPDES ) report for January 2026;34,1372;-118,27422;Los Angeles River
EFF-001A;Total Dissolved Solids (TDS);;Monthly Average (Mean);=;68318;lb/day;;;;2013-01-31;00:00:00;2013-01-31;00:00:00;;;;Los Angeles-Glendale WWRP; Monthly SMR ( MONNPDES ) report for January 2013;34,1372;-118,27422;Los Angeles River
EFF-001A;Total Dissolved Solids (TDS);Standard Method (19th) 2540 C: Total Diss. Solids at 180 deg.;;=;602;mg/L;25,0;25,0;25,0;2012-04-01;00:00:00;2012-04-03;00:00:00;;;;Los Angeles-Glendale WWRP; Monthly SMR ( MONNPDES ) report for April 2012;34,1372;-118,27422;Los Angeles River
EFF-001A;Total Dissolved Solids (TDS);;Monthly Average (Mean);=;602;mg/L;25,0;;25,0;2012-04-30;00:00:00;2012-04-30;00:00:00;;;;Los Angeles-Glendale WWRP; Monthly SMR ( MONNPDES ) report for April 2012;34,1372;-118,27422;Los Angeles River
EFF-001A;Total Dissolved Solids (TDS);;Monthly Average (Mean);=;62886;lb/day;;;;2014-01-31;00:00:00;2014-01-31;00:00:00;;;;Los Angeles-Glendale WWRP; Monthly SMR ( MONNPDES ) report for January 2014;34,1372;-118,27422;Los Angeles River
EFF-001A;Total Dissolved Solids (TDS);Standard Method (19th) 2540 C: Total Diss. Solids at 180 deg.;;=;608;mg/L;25,0;25,0;25,0;2012-05-01;00:00:00;2012-05-03;00:00:00;;;;Los Angeles-Glendale WWRP; Monthly SMR ( MONNPDES ) report for May 2012;34,1372;-118,27422;Los Angeles River
EFF-001A;Total Dissolved Solids (TDS);;Monthly Average (Mean);=;64278;lb/day;;;;2015-01-31;00:00:00;2015-01-31;00:00:00;;;;Los Angeles-Glendale WWRP; Monthly SMR ( MONNPDES ) report for January 2015;34,1372;-118,27422;Los Angeles River
RSW-650;Total Dissolved Solids (TDS);Standard Method (19th) 2540 C: Total Diss. Solids at 180 deg.;;=;706;mg/L;25,0;25,0;25,0;2012-05-01;09:15:00;2012-05-03;00:00:00;;;;Los Angeles-Glendale WWRP; Monthly SMR ( MONNPDES ) report for May 2012;34,134833;-118,274533;Los Angeles River
EFF-001A;Total Dissolved Solids (TDS);;Monthly Average (Mean);=;84369;lb/day;;;;2016-01-31;00:00:00;2016-01-31;00:00:00;;;;Los Angeles-Glendale WWRP; Monthly SMR ( MONNPDES ) report for January 2016;34,1372;-118,27422;Los Angeles River
RSW-654;Total Dissolved Solids (TDS);Standard Method (19th) 2540 C: Total Diss. Solids at 180 deg.;;=;680;mg/L;25,0;25,0;25,0;2012-05-01;09:30:00;2012-05-03;00:00:00;;;;Los Angeles-Glendale WWRP; Monthly SMR ( MONNPDES ) report for May 2012;34,122833;-118,27045;Los Angeles River
EFF-001A;Total Dissolved Solids (TDS);;Monthly Average (Mean);=;85383;lb/day;;;;2017-01-31;00:00:00;2017-01-31;00:00:00;;;;Los Angeles-Glendale WWRP; Monthly SMR ( MONNPDES ) report for January 2017;34,1372;-118,27422;Los Angeles River
EFF-001A;Total Dissolved Solids (TDS);;Monthly Average (Mean);=;51287;lb/day;;;;2018-01-31;00:00:00;2018-01-31;00:00:00;;;;Los Angeles-Glendale WWRP; Monthly SMR ( MONNPDES ) report for January 2018;34,1372;-118,27422;Los Angeles River
EFF-001A;Total Dissolved Solids (TDS);;Monthly Average (Mean);=;608;mg/L;25,0;;25,0;2012-05-31;00:00:00;2012-05-31;00:00:00;;;;Los Angeles-Glendale WWRP; Monthly SMR ( MONNPDES ) report for May 2012;34,1372;-118,27422;Los Angeles River
EFF-001A;Total Dissolved Solids (TDS);;Monthly Average (Mean);=;72237;lb/day;;;;2019-01-31;00:00:00;2019-01-31;00:00:00;;;;Los Angeles-Glendale WWRP; Monthly SMR ( MONNPDES ) report for January 2019;34,1372;-118,27422;Los Angeles River
EFF-001A;Total Dissolved Solids (TDS);Standard Method (19th) 2540 C: Total Diss. Solids at 180 deg.;;=;686;mg/L;25,0;25,0;25,0;2012-06-02;00:00:00;2012-06-06;00:00:00;;;;Los Angeles-Glendale WWRP; Monthly SMR ( MONNPDES ) report for June 2012;34,1372;-118,27422;Los Angeles River
EFF-001A;Total Dissolved Solids (TDS);;Monthly Average (Mean);=;61127;lb/day;;;;2020-01-31;00:00:00;2020-01-31;00:00:00;;;;Los Angeles-Glendale WWRP; Monthly SMR ( MONNPDES ) report for January 2020;34,1372;-118,27422;Los Angeles River
EFF-001A;Total Dissolved Solids (TDS);;Monthly Average (Mean);=;686;mg/L;25,0;;25,0;2012-06-30;00:00:00;2012-06-30;00:00:00;;;;Los Angeles-Glendale WWRP; Monthly SMR ( MONNPDES ) report for June 2012;34,1372;-118,27422;Los Angeles River
EFF-001A;Total Dissolved Solids (TDS);Standard Method (19th) 2540 C: Total Diss. Solids at 180 deg.;;=;512;mg/L;25,0;25,0;25,0;2012-07-01;00:00:00;2012-07-02;00:00:00;;;;Los Angeles-Glendale WWRP; Monthly SMR ( MONNPDES ) report for July 2012;34,1372;-118,27422;Los Angeles River
EFF-001A;Total Dissolved Solids (TDS);;Monthly Average (Mean);=;63249;lb/day;;;;2021-01-31;00:00:00;2021-01-31;00:00:00;;;;Los Angeles-Glendale WWRP; Monthly SMR ( MONNPDES ) report for January 2021;34,1372;-118,27422;Los Angeles River
EFF-001A;Total Dissolved Solids (TDS);;Monthly Average (Mean);=;512;mg/L;25,0;;25,0;2012-07-31;00:00:00;2012-07-31;00:00:00;;;;Los Angeles-Glendale WWRP; Monthly SMR ( MONNPDES ) report for July 2012;34,1372;-118,27422;Los Angeles River
EFF-001A;Total Dissolved Solids (TDS);;Monthly Average (Mean);=;60834;lb/day;;;;2022-01-31;00:00:00;2022-01-31;00:00:00;;;;Los Angeles-Glendale WWRP; Monthly SMR ( MONNPDES ) report for January 2022;34,1372;-118,27422;Los Angeles River
EFF-001A;Total Dissolved Solids (TDS);Standard Method (19th) 2540 C: Total Diss. Solids at 180 deg.;;=;646;mg/L;25,0;25,0;25,0;2012-08-01;00:00:00;2012-08-02;00:00:00;;;;Los Angeles-Glendale WWRP; Monthly SMR ( MONNPDES ) report for August 2012;34,1372;-118,27422;Los Angeles River
EFF-001A;Total Dissolved Solids (TDS);;Monthly Average (Mean);=;63659;lb/day;;;;2023-01-31;00:00:00;2023-01-31;00:00:00;;;;Los Angeles-Glendale WWRP; Monthly SMR ( MONNPDES ) report for January 2023;34,1372;-118,27422;Los Angeles River
RSW-650;Total Dissolved Solids (TDS);Standard Method (19th) 2540 C: Total Diss. Solids at 180 deg.;;=;588;mg/L;25,0;25,0;25,0;2012-08-07;08:10:00;2012-08-08;00:00:00;;;;Los Angeles-Glendale WWRP; Monthly SMR ( MONNPDES ) report for August 2012;34,134833;-118,274533;Los Angeles River
EFF-001A;Total Dissolved Solids (TDS);;Monthly Average (Mean);=;51530;lb/day;;;;2024-01-31;00:00:00;2024-01-31;00:00:00;;;;Los Angeles-Glendale WWRP; Monthly SMR ( MONNPDES ) report for January 2024;34,1372;-118,27422;Los Angeles River
RSW-654;Total Dissolved Solids (TDS);Standard Method (19th) 2540 C: Total Diss. Solids at 180 deg.;;=;592;mg/L;25,0;25,0;25,0;2012-08-07;08:30:00;2012-08-08;00:00:00;;;;Los Angeles-Glendale WWRP; Monthly SMR ( MONNPDES ) report for August 2012;34,122833;-118,27045;Los Angeles River
EFF-001A;Total Dissolved Solids (TDS);;Monthly Average (Mean);=;58308;lb/day;;;;2025-01-31;00:00:00;2025-01-31;00:00:00;;;;Los Angeles-Glendale WWRP; Monthly SMR ( MONNPDES ) report for January 2025;34,1372;-118,27422;Los Angeles River
EFF-001A;Total Dissolved Solids (TDS);;Monthly Average (Mean);=;43336;lb/day;;;;2026-01-31;00:00:00;2026-01-31;00:00:00;;;;Los Angeles-Glendale WWRP; Monthly SMR ( MONNPDES ) report for January 2026;34,1372;-118,27422;Los Angeles River
EFF-001A;Total Dissolved Solids (TDS);;Monthly Average (Mean);=;646;mg/L;25,0;;25,0;2012-08-31;00:00:00;2012-08-31;00:00:00;;;;Los Angeles-Glendale WWRP; Monthly SMR ( MONNPDES ) report for August 2012;34,1372;-118,27422;Los Angeles River
EFF-001A;Total Dissolved Solids (TDS);Standard Method (19th) 2540 C: Total Diss. Solids at 180 deg.;;=;634;mg/L;25,0;25,0;25,0;2012-09-05;00:00:00;2012-09-10;00:00:00;;;;Los Angeles-Glendale WWRP; Monthly SMR ( MONNPDES ) report for September 2012;34,1372;-118,27422;Los Angeles River
EFF-001A;Total Dissolved Solids (TDS);;Daily Discharge;=;69020;lb/day;;;;2016-02-01;00:00:00;2016-02-29;00:00:00;;;;Los Angeles-Glendale WWRP; Monthly SMR ( MONNPDES ) report for February 2016;34,1372;-118,27422;Los Angeles River
EFF-001A;Total Dissolved Solids (TDS);;Monthly Average (Mean);=;634;mg/L;25,0;;25,0;2012-09-30;00:00:00;2012-09-30;00:00:00;;;;Los Angeles-Glendale WWRP; Monthly SMR ( MONNPDES ) report for September 2012;34,1372;-118,27422;Los Angeles River
EFF-001A;Total Dissolved Solids (TDS);;Daily Discharge;=;70385;lb/day;;;;2017-02-01;00:00:00;2017-02-28;00:00:00;;;;Los Angeles-Glendale WWRP; Monthly SMR ( MONNPDES ) report for February 2017;34,1372;-118,27422;Los Angeles River
EFF-001A;Total Dissolved Solids (TDS);Standard Method (19th) 2540 C: Total Diss. Solids at 180 deg.;;=;676;mg/L;25,0;25,0;25,0;2012-10-01;00:00:00;2012-10-02;00:00:00;;;;Los Angeles-Glendale WWRP; Monthly SMR ( MONNPDES ) report for October 2012;34,1372;-118,27422;Los Angeles River
EFF-001A;Total Dissolved Solids (TDS);;Daily Discharge;=;49634;lb/day;;;;2018-02-01;00:00:00;2018-02-28;00:00:00;;;;Los Angeles-Glendale WWRP; Monthly SMR ( MONNPDES ) report for February 2018;34,1372;-118,27422;Los Angeles River
EFF-001A;Total Dissolved Solids (TDS);;Monthly Average (Mean);=;676;mg/L;25,0;;25,0;2012-10-31;00:00:00;2012-10-31;00:00:00;;;;Los Angeles-Glendale WWRP; Monthly SMR ( MONNPDES ) report for October 2012;34,1372;-118,27422;Los Angeles River
EFF-001A;Total Dissolved Solids (TDS);;Daily Discharge;=;61601;lb/day;;;;2024-02-01;00:00:00;2024-02-29;00:00:00;;;;Los Angeles-Glendale WWRP; Monthly SMR ( MONNPDES ) report for February 2024;34,1372;-118,27422;Los Angeles River
EFF-001A;Total Dissolved Solids (TDS);Standard Method (19th) 2540 C: Total Diss. Solids at 180 deg.;;=;618;mg/L;25,0;25,0;25,0;2012-11-02;00:00:00;2012-11-06;00:00:00;;;;Los Angeles-Glendale WWRP; Monthly SMR ( MONNPDES ) report for November 2012;34,1372;-118,27422;Los Angeles River
EFF-001A;Total Dissolved Solids (TDS);;Daily Discharge;=;82910;lb/day;;;;2019-02-02;00:00:00;2019-02-28;00:00:00;;;;Los Angeles-Glendale WWRP; Monthly SMR ( MONNPDES ) report for February 2019;34,1372;-118,27422;Los Angeles River
RSW-650;Total Dissolved Solids (TDS);Standard Method (19th) 2540 C: Total Diss. Solids at 180 deg.;;=;662;mg/L;25,0;25,0;25,0;2012-11-06;10:00:00;2012-11-06;00:00:00;;;;Los Angeles-Glendale WWRP; Monthly SMR ( MONNPDES ) report for November 2012;34,134833;-118,274533;Los Angeles River
EFF-001A;Total Dissolved Solids (TDS);;Daily Discharge;=;54187;lb/day;;;;2022-02-02;00:00:00;2022-02-28;00:00:00;;;;Los Angeles-Glendale WWRP; Monthly SMR ( MONNPDES ) report for February 2022;34,1372;-118,27422;Los Angeles River
RSW-654;Total Dissolved Solids (TDS);Standard Method (19th) 2540 C: Total Diss. Solids at 180 deg.;;=;688;mg/L;25,0;25,0;25,0;2012-11-06;10:00:00;2012-11-06;00:00:00;;;;Los Angeles-Glendale WWRP; Monthly SMR ( MONNPDES ) report for November 2012;34,122833;-118,27045;Los Angeles River
EFF-001A;Total Dissolved Solids (TDS);;Daily Discharge;=;41415;lb/day;;;;2026-02-02;00:00:00;2026-02-28;00:00:00;;;;Los Angeles-Glendale WWRP; Monthly SMR ( MONNPDES ) report for February 2026;34,1372;-118,27422;Los Angeles River
EFF-001A;Total Dissolved Solids (TDS);;Monthly Average (Mean);=;618;mg/L;25,0;;25,0;2012-11-30;00:00:00;2012-11-30;00:00:00;;;;Los Angeles-Glendale WWRP; Monthly SMR ( MONNPDES ) report for November 2012;34,1372;-118,27422;Los Angeles River
EFF-001A;Total Dissolved Solids (TDS);;Daily Discharge;=;63341;lb/day;;;;2014-02-04;00:00:00;2014-02-28;00:00:00;;;;Los Angeles-Glendale WWRP; Monthly SMR ( MONNPDES ) report for February 2014;34,1372;-118,27422;Los Angeles River
EFF-001A;Total Dissolved Solids (TDS);Standard Method (19th) 2540 C: Total Diss. Solids at 180 deg.;;=;628;mg/L;25,0;25,0;25,0;2012-12-02;00:00:00;2012-12-04;00:00:00;;;;Los Angeles-Glendale WWRP; Monthly SMR ( MONNPDES ) report for December 2012;34,1372;-118,27422;Los Angeles River
EFF-001A;Total Dissolved Solids (TDS);;Daily Discharge;=;57730;lb/day;;;;2023-02-04;00:00:00;2023-02-28;00:00:00;;;;Los Angeles-Glendale WWRP; Monthly SMR ( MONNPDES ) report for February 2023;34,1372;-118,27422;Los Angeles River
EFF-001A;Total Dissolved Solids (TDS);;Monthly Average (Mean);=;628;mg/L;25,0;;25,0;2012-12-31;00:00:00;2012-12-31;00:00:00;;;;Los Angeles-Glendale WWRP; Monthly SMR ( MONNPDES ) report for December 2012;34,1372;-118,27422;Los Angeles River
EFF-001A;Total Dissolved Solids (TDS);;Daily Discharge;=;64586;lb/day;;;;2025-02-04;00:00:00;2025-02-28;00:00:00;;;;Los Angeles-Glendale WWRP; Monthly SMR ( MONNPDES ) report for February 2025;34,1372;-118,27422;Los Angeles River
EFF-001A;Total Dissolved Solids (TDS);Standard Method (19th) 2540 C: Total Diss. Solids at 180 deg.;;=;614;mg/L;25,0;25,0;25,0;2013-01-02;00:00:00;2013-01-03;00:00:00;;;;Los Angeles-Glendale WWRP; Monthly SMR ( MONNPDES ) report for January 2013;34,1372;-118,27422;Los Angeles River
EFF-001A;Total Dissolved Solids (TDS);;Daily Discharge;=;71680;lb/day;;;;2013-02-05;00:00:00;2013-02-28;00:00:00;;;;Los Angeles-Glendale WWRP; Monthly SMR ( MONNPDES ) report for February 2013;34,1372;-118,27422;Los Angeles River
EFF-001A;Total Dissolved Solids (TDS);;Monthly Average (Mean);=;614;mg/L;25,0;;25,0;2013-01-31;00:00:00;2013-01-31;00:00:00;;;;Los Angeles-Glendale WWRP; Monthly SMR ( MONNPDES ) report for January 2013;34,1372;-118,27422;Los Angeles River
EFF-001A;Total Dissolved Solids (TDS);;Daily Discharge;=;79546;lb/day;;;;2012-02-06;00:00:00;2012-02-29;00:00:00;;;;Los Angeles-Glendale WWRP; Monthly SMR ( MONNPDES ) report for February 2012;34,1372;-118,27422;Los Angeles River
EFF-001A;Total Dissolved Solids (TDS);Standard Method (19th) 2540 C: Total Diss. Solids at 180 deg.;;=;680;mg/L;25,0;25,0;25,0;2013-02-05;00:00:00;2013-02-07;00:00:00;;;;Los Angeles-Glendale WWRP; Monthly SMR ( MONNPDES ) report for February 2013;34,1372;-118,27422;Los Angeles River
EFF-001A;Total Dissolved Solids (TDS);;Daily Discharge;=;74919;lb/day;;;;2015-02-06;00:00:00;2015-02-28;00:00:00;;;;Los Angeles-Glendale WWRP; Monthly SMR ( MONNPDES ) report for February 2015;34,1372;-118,27422;Los Angeles River
RSW-650;Total Dissolved Solids (TDS);Standard Method (19th) 2540 C: Total Diss. Solids at 180 deg.;;=;698;mg/L;25,0;25,0;25,0;2013-02-05;09:00:00;2013-02-05;00:00:00;;;;Los Angeles-Glendale WWRP; Monthly SMR ( MONNPDES ) report for February 2013;34,134833;-118,274533;Los Angeles River
EFF-001A;Total Dissolved Solids (TDS);;Daily Discharge;=;67316;lb/day;;;;2021-02-06;00:00:00;2021-02-28;00:00:00;;;;Los Angeles-Glendale WWRP; Monthly SMR ( MONNPDES ) report for February 2021;34,1372;-118,27422;Los Angeles River
RSW-654;Total Dissolved Solids (TDS);Standard Method (19th) 2540 C: Total Diss. Solids at 180 deg.;;=;670;mg/L;25,0;25,0;25,0;2013-02-05;09:15:00;2013-02-05;00:00:00;;;;Los Angeles-Glendale WWRP; Monthly SMR ( MONNPDES ) report for February 2013;34,122833;-118,27045;Los Angeles River
EFF-001A;Total Dissolved Solids (TDS);;Daily Discharge;=;59512;lb/day;;;;2020-02-07;00:00:00;2020-02-29;00:00:00;;;;Los Angeles-Glendale WWRP; Monthly SMR ( MONNPDES ) report for February 2020;34,1372;-118,27422;Los Angeles River
EFF-001A;Total Dissolved Solids (TDS);;Monthly Average (Mean);=;71680;lb/day;;;;2013-02-28;00:00:00;2013-02-28;00:00:00;;;;Los Angeles-Glendale WWRP; Monthly SMR ( MONNPDES ) report for February 2013;34,1372;-118,27422;Los Angeles River
EFF-001A;Total Dissolved Solids (TDS);;Monthly Average (Mean);=;680;mg/L;25,0;;25,0;2013-02-28;00:00:00;2013-02-28;00:00:00;;;;Los Angeles-Glendale WWRP; Monthly SMR ( MONNPDES ) report for February 2013;34,1372;-118,27422;Los Angeles River
EFF-001A;Total Dissolved Solids (TDS);;Monthly Average (Mean);=;63341;lb/day;;;;2014-02-28;00:00:00;2014-02-28;00:00:00;;;;Los Angeles-Glendale WWRP; Monthly SMR ( MONNPDES ) report for February 2014;34,1372;-118,27422;Los Angeles River
EFF-001A;Total Dissolved Solids (TDS);Standard Method (19th) 2540 C: Total Diss. Solids at 180 deg.;;=;580;mg/L;25,0;25,0;25,0;2013-03-03;00:00:00;2013-03-05;00:00:00;;;;Los Angeles-Glendale WWRP; Monthly SMR ( MONNPDES ) report for March 2013;34,1372;-118,27422;Los Angeles River
EFF-001A;Total Dissolved Solids (TDS);;Monthly Average (Mean);=;580;mg/L;25,0;;25,0;2013-03-31;00:00:00;2013-03-31;00:00:00;;;;Los Angeles-Glendale WWRP; Monthly SMR ( MONNPDES ) report for March 2013;34,1372;-118,27422;Los Angeles River
EFF-001A;Total Dissolved Solids (TDS);;Monthly Average (Mean);=;74919;lb/day;;;;2015-02-28;00:00:00;2015-02-28;00:00:00;;;;Los Angeles-Glendale WWRP; Monthly SMR ( MONNPDES ) report for February 2015;34,1372;-118,27422;Los Angeles River
EFF-001A;Total Dissolved Solids (TDS);Standard Method (19th) 2540 C: Total Diss. Solids at 180 deg.;;=;616;mg/L;25,0;25,0;25,0;2013-04-02;00:00:00;2013-04-05;00:00:00;;;;Los Angeles-Glendale WWRP; Monthly SMR ( MONNPDES ) report for April 2013;34,1372;-118,27422;Los Angeles River
EFF-001A;Total Dissolved Solids (TDS);;Monthly Average (Mean);=;70385;lb/day;;;;2017-02-28;00:00:00;2017-02-28;00:00:00;;;;Los Angeles-Glendale WWRP; Monthly SMR ( MONNPDES ) report for February 2017;34,1372;-118,27422;Los Angeles River
EFF-001A;Total Dissolved Solids (TDS);;Monthly Average (Mean);=;616;mg/L;25,0;;25,0;2013-04-30;00:00:00;2013-04-30;00:00:00;;;;Los Angeles-Glendale WWRP; Monthly SMR ( MONNPDES ) report for April 2013;34,1372;-118,27422;Los Angeles River
EFF-001A;Total Dissolved Solids (TDS);;Monthly Average (Mean);=;49634;lb/day;;;;2018-02-28;00:00:00;2018-02-28;00:00:00;;;;Los Angeles-Glendale WWRP; Monthly SMR ( MONNPDES ) report for February 2018;34,1372;-118,27422;Los Angeles River
EFF-001A;Total Dissolved Solids (TDS);Standard Method (19th) 2540 C: Total Diss. Solids at 180 deg.;;=;692;mg/L;25,0;25,0;25,0;2013-05-01;00:00:00;2013-05-02;00:00:00;;;;Los Angeles-Glendale WWRP; Monthly SMR ( MONNPDES ) report for May 2013;34,1372;-118,27422;Los Angeles River
EFF-001A;Total Dissolved Solids (TDS);;Monthly Average (Mean);=;82910;lb/day;;;;2019-02-28;00:00:00;2019-02-28;00:00:00;;;;Los Angeles-Glendale WWRP; Monthly SMR ( MONNPDES ) report for February 2019;34,1372;-118,27422;Los Angeles River
EFF-001A;Total Dissolved Solids (TDS);;Monthly Average (Mean);=;67316;lb/day;;;;2021-02-28;00:00:00;2021-02-28;00:00:00;;;;Los Angeles-Glendale WWRP; Monthly SMR ( MONNPDES ) report for February 2021;34,1372;-118,27422;Los Angeles River
RSW-650;Total Dissolved Solids (TDS);Standard Method (19th) 2540 C: Total Diss. Solids at 180 deg.;;=;644;mg/L;25,0;25,0;25,0;2013-05-14;09:00:00;2013-05-14;00:00:00;;;;Los Angeles-Glendale WWRP; Monthly SMR ( MONNPDES ) report for May 2013;34,134833;-118,274533;Los Angeles River
EFF-001A;Total Dissolved Solids (TDS);;Monthly Average (Mean);=;54187;lb/day;;;;2022-02-28;00:00:00;2022-02-28;00:00:00;;;;Los Angeles-Glendale WWRP; Monthly SMR ( MONNPDES ) report for February 2022;34,1372;-118,27422;Los Angeles River
RSW-654;Total Dissolved Solids (TDS);Standard Method (19th) 2540 C: Total Diss. Solids at 180 deg.;;=;646;mg/L;25,0;25,0;25,0;2013-05-14;09:20:00;2013-05-14;00:00:00;;;;Los Angeles-Glendale WWRP; Monthly SMR ( MONNPDES ) report for May 2013;34,122833;-118,27045;Los Angeles River
EFF-001A;Total Dissolved Solids (TDS);;Monthly Average (Mean);=;692;mg/L;25,0;;25,0;2013-05-31;00:00:00;2013-05-31;00:00:00;;;;Los Angeles-Glendale WWRP; Monthly SMR ( MONNPDES ) report for May 2013;34,1372;-118,27422;Los Angeles River
EFF-001A;Total Dissolved Solids (TDS);;Monthly Average (Mean);=;57730;lb/day;;;;2023-02-28;00:00:00;2023-02-28;00:00:00;;;;Los Angeles-Glendale WWRP; Monthly SMR ( MONNPDES ) report for February 2023;34,1372;-118,27422;Los Angeles River
EFF-001A;Total Dissolved Solids (TDS);;Monthly Average (Mean);=;64586;lb/day;;;;2025-02-28;00:00:00;2025-02-28;00:00:00;;;;Los Angeles-Glendale WWRP; Monthly SMR ( MONNPDES ) report for February 2025;34,1372;-118,27422;Los Angeles River
EFF-001A;Total Dissolved Solids (TDS);Standard Method (19th) 2540 C: Total Diss. Solids at 180 deg.;;=;722;mg/L;25,0;25,0;25,0;2013-06-01;00:00:00;2013-06-03;00:00:00;;;;Los Angeles-Glendale WWRP; Monthly SMR ( MONNPDES ) report for June 2013;34,1372;-118,27422;Los Angeles River
EFF-001A;Total Dissolved Solids (TDS);;Monthly Average (Mean);=;41415;lb/day;;;;2026-02-28;00:00:00;2026-02-28;00:00:00;;;;Los Angeles-Glendale WWRP; Monthly SMR ( MONNPDES ) report for February 2026;34,1372;-118,27422;Los Angeles River
EFF-001A;Total Dissolved Solids (TDS);;Monthly Average (Mean);=;722;mg/L;25,0;;25,0;2013-06-30;00:00:00;2013-06-30;00:00:00;;;;Los Angeles-Glendale WWRP; Monthly SMR ( MONNPDES ) report for June 2013;34,1372;-118,27422;Los Angeles River
EFF-001A;Total Dissolved Solids (TDS);Standard Method (19th) 2540 C: Total Diss. Solids at 180 deg.;;=;720;mg/L;25,0;25,0;25,0;2013-07-01;00:00:00;2013-07-03;00:00:00;;;;Los Angeles-Glendale WWRP; Monthly SMR ( MONNPDES ) report for July 2013;34,1372;-118,27422;Los Angeles River
EFF-001A;Total Dissolved Solids (TDS);;Monthly Average (Mean);=;79546;lb/day;;;;2012-02-29;00:00:00;2012-02-29;00:00:00;;;;Los Angeles-Glendale WWRP; Monthly SMR ( MONNPDES ) report for February 2012;34,1372;-118,27422;Los Angeles River
EFF-001A;Total Dissolved Solids (TDS);;Monthly Average (Mean);=;720;mg/L;25,0;;25,0;2013-07-31;00:00:00;2013-07-31;00:00:00;;;;Los Angeles-Glendale WWRP; Monthly SMR ( MONNPDES ) report for July 2013;34,1372;-118,27422;Los Angeles River
EFF-001A;Total Dissolved Solids (TDS);;Monthly Average (Mean);=;69020;lb/day;;;;2016-02-29;00:00:00;2016-02-29;00:00:00;;;;Los Angeles-Glendale WWRP; Monthly SMR ( MONNPDES ) report for February 2016;34,1372;-118,27422;Los Angeles River
EFF-001A;Total Dissolved Solids (TDS);;Monthly Average (Mean);=;59512;lb/day;;;;2020-02-29;00:00:00;2020-02-29;00:00:00;;;;Los Angeles-Glendale WWRP; Monthly SMR ( MONNPDES ) report for February 2020;34,1372;-118,27422;Los Angeles River
EFF-001A;Total Dissolved Solids (TDS);Standard Method (19th) 2540 C: Total Diss. Solids at 180 deg.;;=;706;mg/L;25,0;25,0;25,0;2013-08-05;00:00:00;2013-08-08;00:00:00;;;;Los Angeles-Glendale WWRP; Monthly SMR ( MONNPDES ) report for August 2013;34,1372;-118,27422;Los Angeles River
EFF-001A;Total Dissolved Solids (TDS);;Monthly Average (Mean);=;61601;lb/day;;;;2024-02-29;00:00:00;2024-02-29;00:00:00;;;;Los Angeles-Glendale WWRP; Monthly SMR ( MONNPDES ) report for February 2024;34,1372;-118,27422;Los Angeles River
RSW-650;Total Dissolved Solids (TDS);Standard Method (19th) 2540 C: Total Diss. Solids at 180 deg.;;=;676;mg/L;25,0;25,0;25,0;2013-08-13;09:00:00;2013-08-14;00:00:00;;;;Los Angeles-Glendale WWRP; Monthly SMR ( MONNPDES ) report for August 2013;34,134833;-118,274533;Los Angeles River
RSW-654;Total Dissolved Solids (TDS);Standard Method (19th) 2540 C: Total Diss. Solids at 180 deg.;;=;684;mg/L;25,0;25,0;25,0;2013-08-13;09:20:00;2013-08-14;00:00:00;;;;Los Angeles-Glendale WWRP; Monthly SMR ( MONNPDES ) report for August 2013;34,122833;-118,27045;Los Angeles River
EFF-001A;Total Dissolved Solids (TDS);;Daily Discharge;=;72804;lb/day;;;;2014-03-01;00:00:00;2014-03-31;00:00:00;;;;Los Angeles-Glendale WWRP; Monthly SMR ( MONNPDES ) report for March 2014;34,1372;-118,27422;Los Angeles River
EFF-001A;Total Dissolved Solids (TDS);;Monthly Average (Mean);=;706;mg/L;25,0;;25,0;2013-08-31;00:00:00;2013-08-31;00:00:00;;;;Los Angeles-Glendale WWRP; Monthly SMR ( MONNPDES ) report for August 2013;34,1372;-118,27422;Los Angeles River
EFF-001A;Total Dissolved Solids (TDS);;Daily Discharge;=;81164;lb/day;;;;2015-03-01;00:00:00;2015-03-31;00:00:00;;;;Los Angeles-Glendale WWRP; Monthly SMR ( MONNPDES ) report for March 2015;34,1372;-118,27422;Los Angeles River
EFF-001A;Total Dissolved Solids (TDS);Standard Method (19th) 2540 C: Total Diss. Solids at 180 deg.;;=;716;mg/L;25,0;25,0;25,0;2013-09-05;00:00:00;2013-09-06;00:00:00;;;;Los Angeles-Glendale WWRP; Monthly SMR ( MONNPDES ) report for September 2013;34,1372;-118,27422;Los Angeles River
EFF-001A;Total Dissolved Solids (TDS);;Daily Discharge;=;64473;lb/day;;;;2017-03-01;00:00:00;2017-03-31;00:00:00;;;;Los Angeles-Glendale WWRP; Monthly SMR ( MONNPDES ) report for March 2017;34,1372;-118,27422;Los Angeles River
EFF-001A;Total Dissolved Solids (TDS);;Monthly Average (Mean);=;716;mg/L;25,0;;25,0;2013-09-30;00:00:00;2013-09-30;00:00:00;;;;Los Angeles-Glendale WWRP; Monthly SMR ( MONNPDES ) report for September 2013;34,1372;-118,27422;Los Angeles River
EFF-001A;Total Dissolved Solids (TDS);;Daily Discharge;=;41472;lb/day;;;;2021-03-01;00:00:00;2021-03-31;00:00:00;;;;Los Angeles-Glendale WWRP; Monthly SMR ( MONNPDES ) report for March 2021;34,1372;-118,27422;Los Angeles River
EFF-001A;Total Dissolved Solids (TDS);Standard Method (19th) 2540 C: Total Diss. Solids at 180 deg.;;=;702;mg/L;25,0;25,0;25,0;2013-10-04;00:00:00;2013-10-04;00:00:00;;;;Los Angeles-Glendale WWRP; Monthly SMR ( MONNPDES ) report for October 2013;34,1372;-118,27422;Los Angeles River
EFF-001A;Total Dissolved Solids (TDS);;Daily Discharge;=;46659;lb/day;;;;2022-03-01;00:00:00;2022-03-31;00:00:00;;;;Los Angeles-Glendale WWRP; Monthly SMR ( MONNPDES ) report for March 2022;34,1372;-118,27422;Los Angeles River
EFF-001A;Total Dissolved Solids (TDS);;Monthly Average (Mean);=;702;mg/L;25,0;;25,0;2013-10-31;00:00:00;2013-10-31;00:00:00;;;;Los Angeles-Glendale WWRP; Monthly SMR ( MONNPDES ) report for October 2013;34,1372;-118,27422;Los Angeles River
EFF-001A;Total Dissolved Solids (TDS);;Daily Discharge;=;41930;lb/day;;;;2026-03-01;00:00:00;2026-03-31;00:00:00;;;;Los Angeles-Glendale WWRP; Monthly SMR ( MONNPDES ) report for March 2026;34,1372;-118,27422;Los Angeles River
EFF-001A;Total Dissolved Solids (TDS);Standard Method (19th) 2540 C: Total Diss. Solids at 180 deg.;;=;718;mg/L;25,0;25,0;25,0;2013-11-01;00:00:00;2013-11-05;00:00:00;;;;Los Angeles-Glendale WWRP; Monthly SMR ( MONNPDES ) report for November 2013;34,1372;-118,27422;Los Angeles River
EFF-001A;Total Dissolved Solids (TDS);;Daily Discharge;=;74173;lb/day;;;;2012-03-02;00:00:00;2012-03-31;00:00:00;;;;Los Angeles-Glendale WWRP; Monthly SMR ( MONNPDES ) report for March 2012;34,1372;-118,27422;Los Angeles River
RSW-650;Total Dissolved Solids (TDS);Standard Method (19th) 2540 C: Total Diss. Solids at 180 deg.;;=;636;mg/L;25,0;25,0;25,0;2013-11-05;09:10:00;2013-11-07;00:00:00;;;;Los Angeles-Glendale WWRP; Monthly SMR ( MONNPDES ) report for November 2013;34,134833;-118,274533;Los Angeles River
EFF-001A;Total Dissolved Solids (TDS);;Daily Discharge;=;55182;lb/day;;;;2023-03-02;00:00:00;2023-03-31;00:00:00;;;;Los Angeles-Glendale WWRP; Monthly SMR ( MONNPDES ) report for March 2023;34,1372;-118,27422;Los Angeles River
RSW-654;Total Dissolved Solids (TDS);Standard Method (19th) 2540 C: Total Diss. Solids at 180 deg.;;=;650;mg/L;25,0;25,0;25,0;2013-11-05;09:25:00;2013-11-07;00:00:00;;;;Los Angeles-Glendale WWRP; Monthly SMR ( MONNPDES ) report for November 2013;34,122833;-118,27045;Los Angeles River
EFF-001A;Total Dissolved Solids (TDS);;Daily Discharge;=;60654;lb/day;;;;2013-03-03;00:00:00;2013-03-31;00:00:00;;;;Los Angeles-Glendale WWRP; Monthly SMR ( MONNPDES ) report for March 2013;34,1372;-118,27422;Los Angeles River
EFF-001A;Total Dissolved Solids (TDS);;Monthly Average (Mean);=;718;mg/L;25,0;;25,0;2013-11-30;00:00:00;2013-11-30;00:00:00;;;;Los Angeles-Glendale WWRP; Monthly SMR ( MONNPDES ) report for November 2013;34,1372;-118,27422;Los Angeles River
EFF-001A;Total Dissolved Solids (TDS);;Daily Discharge;=;59798;lb/day;;;;2016-03-03;00:00:00;2016-03-31;00:00:00;;;;Los Angeles-Glendale WWRP; Monthly SMR ( MONNPDES ) report for March 2016;34,1372;-118,27422;Los Angeles River
EFF-001A;Total Dissolved Solids (TDS);Standard Method (19th) 2540 C: Total Diss. Solids at 180 deg.;;=;688;mg/L;25,0;25,0;25,0;2013-12-05;00:00:00;2013-12-11;00:00:00;;;;Los Angeles-Glendale WWRP; Monthly SMR ( MONNPDES ) report for December 2013;34,1372;-118,27422;Los Angeles River
EFF-001A;Total Dissolved Solids (TDS);;Daily Discharge;=;59064;lb/day;;;;2020-03-03;00:00:00;2020-03-31;00:00:00;;;;Los Angeles-Glendale WWRP; Monthly SMR ( MONNPDES ) report for March 2020;34,1372;-118,27422;Los Angeles River
EFF-001A;Total Dissolved Solids (TDS);;Monthly Average (Mean);=;688;mg/L;25,0;;25,0;2013-12-31;00:00:00;2013-12-31;00:00:00;;;;Los Angeles-Glendale WWRP; Monthly SMR ( MONNPDES ) report for December 2013;34,1372;-118,27422;Los Angeles River
EFF-001A;Total Dissolved Solids (TDS);;Daily Discharge;=;65549;lb/day;;;;2018-03-04;00:00:00;2018-03-31;00:00:00;;;;Los Angeles-Glendale WWRP; Monthly SMR ( MONNPDES ) report for March 2018;34,1372;-118,27422;Los Angeles River
EFF-001A;Total Dissolved Solids (TDS);Standard Method (19th) 2540 C: Total Diss. Solids at 180 deg.;;=;696;mg/L;25,0;25,0;25,0;2014-01-06;00:00:00;2014-01-09;00:00:00;;;;Los Angeles-Glendale WWRP; Monthly SMR ( MONNPDES ) report for January 2014;34,1372;-118,27422;Los Angeles River
EFF-001A;Total Dissolved Solids (TDS);;Daily Discharge;=;67216;lb/day;;;;2019-03-05;00:00:00;2019-03-31;00:00:00;;;;Los Angeles-Glendale WWRP; Monthly SMR ( MONNPDES ) report for March 2019;34,1372;-118,27422;Los Angeles River
EFF-001A;Total Dissolved Solids (TDS);;Monthly Average (Mean);=;696;mg/L;25,0;;25,0;2014-01-31;00:00:00;2014-01-31;00:00:00;;;;Los Angeles-Glendale WWRP; Monthly SMR ( MONNPDES ) report for January 2014;34,1372;-118,27422;Los Angeles River
EFF-001A;Total Dissolved Solids (TDS);;Daily Discharge;=;61269;lb/day;;;;2024-03-06;00:00:00;2024-03-31;00:00:00;;;;Los Angeles-Glendale WWRP; Monthly SMR ( MONNPDES ) report for March 2024;34,1372;-118,27422;Los Angeles River
EFF-001A;Total Dissolved Solids (TDS);Standard Method (19th) 2540 C: Total Diss. Solids at 180 deg.;;=;676;mg/L;25,0;25,0;25,0;2014-02-04;00:00:00;2014-02-07;00:00:00;;;;Los Angeles-Glendale WWRP; Monthly SMR ( MONNPDES ) report for February 2014;34,1372;-118,27422;Los Angeles River
EFF-001A;Total Dissolved Solids (TDS);;Daily Discharge;=;62189;lb/day;;;;2025-03-07;00:00:00;2025-03-31;00:00:00;;;;Los Angeles-Glendale WWRP; Monthly SMR ( MONNPDES ) report for March 2025;34,1372;-118,27422;Los Angeles River
RSW-650;Total Dissolved Solids (TDS);Standard Method (19th) 2540 C: Total Diss. Solids at 180 deg.;;=;628;mg/L;25,0;25,0;25,0;2014-02-04;09:00:00;2014-02-05;00:00:00;;;;Los Angeles-Glendale WWRP; Monthly SMR ( MONNPDES ) report for February 2014;34,134833;-118,274533;Los Angeles River
EFF-001A;Total Dissolved Solids (TDS);;Monthly Average (Mean);=;74173;lb/day;;;;2012-03-31;00:00:00;2012-03-31;00:00:00;;;;Los Angeles-Glendale WWRP; Monthly SMR ( MONNPDES ) report for March 2012;34,1372;-118,27422;Los Angeles River
RSW-654;Total Dissolved Solids (TDS);Standard Method (19th) 2540 C: Total Diss. Solids at 180 deg.;;=;680;mg/L;25,0;25,0;25,0;2014-02-04;09:15:00;2014-02-05;00:00:00;;;;Los Angeles-Glendale WWRP; Monthly SMR ( MONNPDES ) report for February 2014;34,122833;-118,27045;Los Angeles River
EFF-001A;Total Dissolved Solids (TDS);;Monthly Average (Mean);=;60654;lb/day;;;;2013-03-31;00:00:00;2013-03-31;00:00:00;;;;Los Angeles-Glendale WWRP; Monthly SMR ( MONNPDES ) report for March 2013;34,1372;-118,27422;Los Angeles River
EFF-001A;Total Dissolved Solids (TDS);;Monthly Average (Mean);=;72804;lb/day;;;;2014-03-31;00:00:00;2014-03-31;00:00:00;;;;Los Angeles-Glendale WWRP; Monthly SMR ( MONNPDES ) report for March 2014;34,1372;-118,27422;Los Angeles River
EFF-001A;Total Dissolved Solids (TDS);;Monthly Average (Mean);=;676;mg/L;25,0;;25,0;2014-02-28;00:00:00;2014-02-28;00:00:00;;;;Los Angeles-Glendale WWRP; Monthly SMR ( MONNPDES ) report for February 2014;34,1372;-118,27422;Los Angeles River
EFF-001A;Total Dissolved Solids (TDS);;Monthly Average (Mean);=;81164;lb/day;;;;2015-03-31;00:00:00;2015-03-31;00:00:00;;;;Los Angeles-Glendale WWRP; Monthly SMR ( MONNPDES ) report for March 2015;34,1372;-118,27422;Los Angeles River
EFF-001A;Total Dissolved Solids (TDS);Standard Method (19th) 2540 C: Total Diss. Solids at 180 deg.;;=;588;mg/L;25,0;25,0;25,0;2014-03-01;00:00:00;2014-03-04;00:00:00;;;;Los Angeles-Glendale WWRP; Monthly SMR ( MONNPDES ) report for March 2014;34,1372;-118,27422;Los Angeles River
EFF-001A;Total Dissolved Solids (TDS);;Monthly Average (Mean);=;59798;lb/day;;;;2016-03-31;00:00:00;2016-03-31;00:00:00;;;;Los Angeles-Glendale WWRP; Monthly SMR ( MONNPDES ) report for March 2016;34,1372;-118,27422;Los Angeles River
EFF-001A;Total Dissolved Solids (TDS);;Monthly Average (Mean);=;588;mg/L;25,0;;25,0;2014-03-31;00:00:00;2014-03-31;00:00:00;;;;Los Angeles-Glendale WWRP; Monthly SMR ( MONNPDES ) report for March 2014;34,1372;-118,27422;Los Angeles River
EFF-001A;Total Dissolved Solids (TDS);Standard Method (19th) 2540 C: Total Diss. Solids at 180 deg.;;=;742;mg/L;25,0;25,0;25,0;2014-04-05;00:00:00;2014-04-07;00:00:00;;;;Los Angeles-Glendale WWRP; Monthly SMR ( MONNPDES ) report for April 2014;34,1372;-118,27422;Los Angeles River
EFF-001A;Total Dissolved Solids (TDS);;Monthly Average (Mean);=;64473;lb/day;;;;2017-03-31;00:00:00;2017-03-31;00:00:00;;;;Los Angeles-Glendale WWRP; Monthly SMR ( MONNPDES ) report for March 2017;34,1372;-118,27422;Los Angeles River
EFF-001A;Total Dissolved Solids (TDS);;Monthly Average (Mean);=;65549;lb/day;;;;2018-03-31;00:00:00;2018-03-31;00:00:00;;;;Los Angeles-Glendale WWRP; Monthly SMR ( MONNPDES ) report for March 2018;34,1372;-118,27422;Los Angeles River
EFF-001A;Total Dissolved Solids (TDS);;Monthly Average (Mean);=;742;mg/L;25,0;;25,0;2014-04-30;00:00:00;2014-04-30;00:00:00;;;;Los Angeles-Glendale WWRP; Monthly SMR ( MONNPDES ) report for April 2014;34,1372;-118,27422;Los Angeles River
EFF-001A;Total Dissolved Solids (TDS);Standard Method (19th) 2540 C: Total Diss. Solids at 180 deg.;;=;748;mg/L;25,0;25,0;25,0;2014-05-05;00:00:00;2014-05-06;00:00:00;;;;Los Angeles-Glendale WWRP; Monthly SMR ( MONNPDES ) report for May 2014;34,1372;-118,27422;Los Angeles River
EFF-001A;Total Dissolved Solids (TDS);;Monthly Average (Mean);=;67216;lb/day;;;;2019-03-31;00:00:00;2019-03-31;00:00:00;;;;Los Angeles-Glendale WWRP; Monthly SMR ( MONNPDES ) report for March 2019;34,1372;-118,27422;Los Angeles River
RSW-650;Total Dissolved Solids (TDS);Standard Method (19th) 2540 C: Total Diss. Solids at 180 deg.;;=;596;mg/L;25,0;25,0;25,0;2014-05-05;09:15:00;2014-05-08;00:00:00;;;;Los Angeles-Glendale WWRP; Monthly SMR ( MONNPDES ) report for May 2014;34,134833;-118,274533;Los Angeles River
EFF-001A;Total Dissolved Solids (TDS);;Monthly Average (Mean);=;59064;lb/day;;;;2020-03-31;00:00:00;2020-03-31;00:00:00;;;;Los Angeles-Glendale WWRP; Monthly SMR ( MONNPDES ) report for March 2020;34,1372;-118,27422;Los Angeles River
RSW-654;Total Dissolved Solids (TDS);Standard Method (19th) 2540 C: Total Diss. Solids at 180 deg.;;=;624;mg/L;25,0;25,0;25,0;2014-05-05;09:45:00;2014-05-08;00:00:00;;;;Los Angeles-Glendale WWRP; Monthly SMR ( MONNPDES ) report for May 2014;34,122833;-118,27045;Los Angeles River
EFF-001A;Total Dissolved Solids (TDS);;Monthly Average (Mean);=;41472;lb/day;;;;2021-03-31;00:00:00;2021-03-31;00:00:00;;;;Los Angeles-Glendale WWRP; Monthly SMR ( MONNPDES ) report for March 2021;34,1372;-118,27422;Los Angeles River
EFF-001A;Total Dissolved Solids (TDS);;Monthly Average (Mean);=;748;mg/L;25,0;;25,0;2014-05-31;00:00:00;2014-05-31;00:00:00;;;;Los Angeles-Glendale WWRP; Monthly SMR ( MONNPDES ) report for May 2014;34,1372;-118,27422;Los Angeles River
EFF-001A;Total Dissolved Solids (TDS);;Monthly Average (Mean);=;46659;lb/day;;;;2022-03-31;00:00:00;2022-03-31;00:00:00;;;;Los Angeles-Glendale WWRP; Monthly SMR ( MONNPDES ) report for March 2022;34,1372;-118,27422;Los Angeles River
EFF-001A;Total Dissolved Solids (TDS);Standard Method (19th) 2540 C: Total Diss. Solids at 180 deg.;;=;792;mg/L;25,0;25,0;25,0;2014-06-05;00:00:00;2014-06-06;00:00:00;;;;Los Angeles-Glendale WWRP; Monthly SMR ( MONNPDES ) report for June 2014;34,1372;-118,27422;Los Angeles River
EFF-001A;Total Dissolved Solids (TDS);;Monthly Average (Mean);=;55182;lb/day;;;;2023-03-31;00:00:00;2023-03-31;00:00:00;;;;Los Angeles-Glendale WWRP; Monthly SMR ( MONNPDES ) report for March 2023;34,1372;-118,27422;Los Angeles River
EFF-001A;Total Dissolved Solids (TDS);;Monthly Average (Mean);=;792;mg/L;25,0;;25,0;2014-06-30;00:00:00;2014-06-30;00:00:00;;;;Los Angeles-Glendale WWRP; Monthly SMR ( MONNPDES ) report for June 2014;34,1372;-118,27422;Los Angeles River
EFF-001A;Total Dissolved Solids (TDS);;Monthly Average (Mean);=;61269;lb/day;;;;2024-03-31;00:00:00;2024-03-31;00:00:00;;;;Los Angeles-Glendale WWRP; Monthly SMR ( MONNPDES ) report for March 2024;34,1372;-118,27422;Los Angeles River
EFF-001A;Total Dissolved Solids (TDS);;Monthly Average (Mean);=;62189;lb/day;;;;2025-03-31;00:00:00;2025-03-31;00:00:00;;;;Los Angeles-Glendale WWRP; Monthly SMR ( MONNPDES ) report for March 2025;34,1372;-118,27422;Los Angeles River
EFF-001A;Total Dissolved Solids (TDS);Standard Method (19th) 2540 C: Total Diss. Solids at 180 deg.;;=;750;mg/L;25,0;25,0;25,0;2014-07-01;00:00:00;2014-07-03;00:00:00;;;;Los Angeles-Glendale WWRP; Monthly SMR ( MONNPDES ) report for July 2014;34,1372;-118,27422;Los Angeles River
EFF-001A;Total Dissolved Solids (TDS);;Monthly Average (Mean);=;41930;lb/day;;;;2026-03-31;00:00:00;2026-03-31;00:00:00;;;;Los Angeles-Glendale WWRP; Monthly SMR ( MONNPDES ) report for March 2026;34,1372;-118,27422;Los Angeles River
EFF-001A;Total Dissolved Solids (TDS);;Monthly Average (Mean);=;750;mg/L;25,0;;25,0;2014-07-31;00:00:00;2014-07-31;00:00:00;;;;Los Angeles-Glendale WWRP; Monthly SMR ( MONNPDES ) report for July 2014;34,1372;-118,27422;Los Angeles River
EFF-001A;Total Dissolved Solids (TDS);Standard Method (19th) 2540 C: Total Diss. Solids at 180 deg.;;=;752;mg/L;25,0;25,0;25,0;2014-08-01;00:00:00;2014-08-05;00:00:00;;;;Los Angeles-Glendale WWRP; Monthly SMR ( MONNPDES ) report for August 2014;34,1372;-118,27422;Los Angeles River
EFF-001A;Total Dissolved Solids (TDS);;Daily Discharge;=;72020;lb/day;;;;2012-04-01;00:00:00;2012-04-30;00:00:00;;;;Los Angeles-Glendale WWRP; Monthly SMR ( MONNPDES ) report for April 2012;34,1372;-118,27422;Los Angeles River
RSW-650;Total Dissolved Solids (TDS);Standard Method (19th) 2540 C: Total Diss. Solids at 180 deg.;;=;676;mg/L;25,0;25,0;25,0;2014-08-04;09:15:00;2014-08-07;00:00:00;;;;Los Angeles-Glendale WWRP; Monthly SMR ( MONNPDES ) report for August 2014;34,134833;-118,274533;Los Angeles River
EFF-001A;Total Dissolved Solids (TDS);;Daily Discharge;=;53900;lb/day;;;;2015-04-01;00:00:00;2015-04-30;00:00:00;;;;Los Angeles-Glendale WWRP; Monthly SMR ( MONNPDES ) report for April 2015;34,1372;-118,27422;Los Angeles River
RSW-654;Total Dissolved Solids (TDS);Standard Method (19th) 2540 C: Total Diss. Solids at 180 deg.;;=;698;mg/L;25,0;25,0;25,0;2014-08-04;09:45:00;2014-08-07;00:00:00;;;;Los Angeles-Glendale WWRP; Monthly SMR ( MONNPDES ) report for August 2014;34,122833;-118,27045;Los Angeles River
EFF-001A;Total Dissolved Solids (TDS);;Daily Discharge;=;60148;lb/day;;;;2016-04-01;00:00:00;2016-04-30;00:00:00;;;;Los Angeles-Glendale WWRP; Monthly SMR ( MONNPDES ) report for April 2016;34,1372;-118,27422;Los Angeles River
EFF-001A;Total Dissolved Solids (TDS);;Monthly Average (Mean);=;752;mg/L;25,0;;25,0;2014-08-31;00:00:00;2014-08-31;00:00:00;;;;Los Angeles-Glendale WWRP; Monthly SMR ( MONNPDES ) report for August 2014;34,1372;-118,27422;Los Angeles River
EFF-001A;Total Dissolved Solids (TDS);;Daily Discharge;=;64418;lb/day;;;;2013-04-02;00:00:00;2013-04-30;00:00:00;;;;Los Angeles-Glendale WWRP; Monthly SMR ( MONNPDES ) report for April 2013;34,1372;-118,27422;Los Angeles River
EFF-001A;Total Dissolved Solids (TDS);Standard Method (19th) 2540 C: Total Diss. Solids at 180 deg.;;=;734;mg/L;25,0;25,0;25,0;2014-09-03;00:00:00;2014-09-04;00:00:00;;;;Los Angeles-Glendale WWRP; Monthly SMR ( MONNPDES ) report for September 2014;34,1372;-118,27422;Los Angeles River
EFF-001A;Total Dissolved Solids (TDS);;Daily Discharge;=;46234;lb/day;;;;2017-04-02;00:00:00;2017-04-30;00:00:00;;;;Los Angeles-Glendale WWRP; Monthly SMR ( MONNPDES ) report for April 2017;34,1372;-118,27422;Los Angeles River
EFF-001A;Total Dissolved Solids (TDS);;Monthly Average (Mean);=;734;mg/L;25,0;;25,0;2014-09-30;00:00:00;2014-09-30;00:00:00;;;;Los Angeles-Glendale WWRP; Monthly SMR ( MONNPDES ) report for September 2014;34,1372;-118,27422;Los Angeles River
EFF-001A;Total Dissolved Solids (TDS);;Daily Discharge;=;62755;lb/day;;;;2018-04-02;00:00:00;2018-04-30;00:00:00;;;;Los Angeles-Glendale WWRP; Monthly SMR ( MONNPDES ) report for April 2018;34,1372;-118,27422;Los Angeles River
EFF-001A;Total Dissolved Solids (TDS);Standard Method (19th) 2540 C: Total Diss. Solids at 180 deg.;;=;804;mg/L;25,0;25,0;25,0;2014-10-05;00:00:00;2014-10-06;00:00:00;;;;Los Angeles-Glendale WWRP; Monthly SMR ( MONNPDES ) report for October 2014;34,1372;-118,27422;Los Angeles River
EFF-001A;Total Dissolved Solids (TDS);;Daily Discharge;=;57458;lb/day;;;;2024-04-02;00:00:00;2024-04-30;00:00:00;;;;Los Angeles-Glendale WWRP; Monthly SMR ( MONNPDES ) report for April 2024;34,1372;-118,27422;Los Angeles River
EFF-001A;Total Dissolved Solids (TDS);;Monthly Average (Mean);=;804;mg/L;25,0;;25,0;2014-10-31;00:00:00;2014-10-31;00:00:00;;;;Los Angeles-Glendale WWRP; Monthly SMR ( MONNPDES ) report for October 2014;34,1372;-118,27422;Los Angeles River
EFF-001A;Total Dissolved Solids (TDS);;Daily Discharge;=;52217;lb/day;;;;2025-04-02;00:00:00;2025-04-30;00:00:00;;;;Los Angeles-Glendale WWRP; Monthly SMR ( MONNPDES ) report for April 2025;34,1372;-118,27422;Los Angeles River
EFF-001A;Total Dissolved Solids (TDS);Standard Method (19th) 2540 C: Total Diss. Solids at 180 deg.;;=;692;mg/L;25,0;25,0;25,0;2014-11-02;00:00:00;2014-11-03;00:00:00;;;;Los Angeles-Glendale WWRP; Monthly SMR ( MONNPDES ) report for November 2014;34,1372;-118,27422;Los Angeles River
EFF-001A;Total Dissolved Solids (TDS);;Daily Discharge;=;59061;lb/day;;;;2019-04-03;00:00:00;2019-04-30;00:00:00;;;;Los Angeles-Glendale WWRP; Monthly SMR ( MONNPDES ) report for April 2019;34,1372;-118,27422;Los Angeles River
RSW-650;Total Dissolved Solids (TDS);Standard Method (19th) 2540 C: Total Diss. Solids at 180 deg.;;=;648;mg/L;25,0;25,0;25,0;2014-11-05;09:30:00;2014-11-06;00:00:00;;;;Los Angeles-Glendale WWRP; Monthly SMR ( MONNPDES ) report for November 2014;34,134833;-118,274533;Los Angeles River
EFF-001A;Total Dissolved Solids (TDS);;Daily Discharge;=;45120;lb/day;;;;2023-04-03;00:00:00;2023-04-30;00:00:00;;;;Los Angeles-Glendale WWRP; Monthly SMR ( MONNPDES ) report for April 2023;34,1372;-118,27422;Los Angeles River
RSW-654;Total Dissolved Solids (TDS);Standard Method (19th) 2540 C: Total Diss. Solids at 180 deg.;;=;716;mg/L;25,0;25,0;25,0;2014-11-05;10:00:00;2014-11-06;00:00:00;;;;Los Angeles-Glendale WWRP; Monthly SMR ( MONNPDES ) report for November 2014;34,122833;-118,27045;Los Angeles River
EFF-001A;Total Dissolved Solids (TDS);;Daily Discharge;=;55098;lb/day;;;;2021-04-04;00:00:00;2021-04-30;00:00:00;;;;Los Angeles-Glendale WWRP; Monthly SMR ( MONNPDES ) report for April 2021;34,1372;-118,27422;Los Angeles River
EFF-001A;Total Dissolved Solids (TDS);;Monthly Average (Mean);=;692;mg/L;25,0;;25,0;2014-11-30;00:00:00;2014-11-30;00:00:00;;;;Los Angeles-Glendale WWRP; Monthly SMR ( MONNPDES ) report for November 2014;34,1372;-118,27422;Los Angeles River
EFF-001A;Total Dissolved Solids (TDS);;Daily Discharge;=;55570;lb/day;;;;2022-04-04;00:00:00;2022-04-30;00:00:00;;;;Los Angeles-Glendale WWRP; Monthly SMR ( MONNPDES ) report for April 2022;34,1372;-118,27422;Los Angeles River
EFF-001A;Total Dissolved Solids (TDS);Standard Method (19th) 2540 C: Total Diss. Solids at 180 deg.;;=;770;mg/L;25,0;25,0;25,0;2014-12-04;00:00:00;2014-12-02;00:00:00;;;;Los Angeles-Glendale WWRP; Monthly SMR ( MONNPDES ) report for December 2014;34,1372;-118,27422;Los Angeles River
EFF-001A;Total Dissolved Solids (TDS);;Daily Discharge;=;74491;lb/day;;;;2014-04-05;00:00:00;2014-04-30;00:00:00;;;;Los Angeles-Glendale WWRP; Monthly SMR ( MONNPDES ) report for April 2014;34,1372;-118,27422;Los Angeles River
EFF-001A;Total Dissolved Solids (TDS);;Monthly Average (Mean);=;770;mg/L;25,0;;25,0;2014-12-31;00:00:00;2014-12-31;00:00:00;;;;Los Angeles-Glendale WWRP; Monthly SMR ( MONNPDES ) report for December 2014;34,1372;-118,27422;Los Angeles River
EFF-001A;Total Dissolved Solids (TDS);;Daily Discharge;=;89344;lb/day;;;;2020-04-06;00:00:00;2020-04-30;00:00:00;;;;Los Angeles-Glendale WWRP; Monthly SMR ( MONNPDES ) report for April 2020;34,1372;-118,27422;Los Angeles River
EFF-001A;Total Dissolved Solids (TDS);;Monthly Average (Mean);=;72020;lb/day;;;;2012-04-30;00:00:00;2012-04-30;00:00:00;;;;Los Angeles-Glendale WWRP; Monthly SMR ( MONNPDES ) report for April 2012;34,1372;-118,27422;Los Angeles River
EFF-001A;Total Dissolved Solids (TDS);Standard Method (19th) 2540 C: Total Diss. Solids at 180 deg.;;=;686;mg/L;25,0;25,0;25,0;2015-01-05;00:00:00;2015-01-06;00:00:00;;;;Los Angeles-Glendale WWRP; Monthly SMR ( MONNPDES ) report for January 2015;34,1372;-118,27422;Los Angeles River
EFF-001A;Total Dissolved Solids (TDS);;Monthly Average (Mean);=;686;mg/L;25,0;;25,0;2015-01-31;00:00:00;2015-01-31;00:00:00;;;;Los Angeles-Glendale WWRP; Monthly SMR ( MONNPDES ) report for January 2015;34,1372;-118,27422;Los Angeles River
EFF-001A;Total Dissolved Solids (TDS);;Monthly Average (Mean);=;64418;lb/day;;;;2013-04-30;00:00:00;2013-04-30;00:00:00;;;;Los Angeles-Glendale WWRP; Monthly SMR ( MONNPDES ) report for April 2013;34,1372;-118,27422;Los Angeles River
EFF-001A;Total Dissolved Solids (TDS);;Monthly Average (Mean);=;74491;lb/day;;;;2014-04-30;00:00:00;2014-04-30;00:00:00;;;;Los Angeles-Glendale WWRP; Monthly SMR ( MONNPDES ) report for April 2014;34,1372;-118,27422;Los Angeles River
RSW-650;Total Dissolved Solids (TDS);Standard Method (19th) 2540 C: Total Diss. Solids at 180 deg.;;=;716;mg/L;25,0;25,0;25,0;2015-02-03;08:50:00;2015-02-03;00:00:00;;;;Los Angeles-Glendale WWRP; Monthly SMR ( MONNPDES ) report for February 2015;34,134833;-118,274533;Los Angeles River
EFF-001A;Total Dissolved Solids (TDS);;Monthly Average (Mean);=;53900;lb/day;;;;2015-04-30;00:00:00;2015-04-30;00:00:00;;;;Los Angeles-Glendale WWRP; Monthly SMR ( MONNPDES ) report for April 2015;34,1372;-118,27422;Los Angeles River
RSW-654;Total Dissolved Solids (TDS);Standard Method (19th) 2540 C: Total Diss. Solids at 180 deg.;;=;648;mg/L;25,0;25,0;25,0;2015-02-03;09:05:00;2015-02-03;00:00:00;;;;Los Angeles-Glendale WWRP; Monthly SMR ( MONNPDES ) report for February 2015;34,122833;-118,27045;Los Angeles River
EFF-001A;Total Dissolved Solids (TDS);;Monthly Average (Mean);=;60148;lb/day;;;;2016-04-30;00:00:00;2016-04-30;00:00:00;;;;Los Angeles-Glendale WWRP; Monthly SMR ( MONNPDES ) report for April 2016;34,1372;-118,27422;Los Angeles River
EFF-001A;Total Dissolved Solids (TDS);Standard Method (19th) 2540 C: Total Diss. Solids at 180 deg.;;=;772;mg/L;25,0;25,0;25,0;2015-02-06;00:00:00;2015-02-08;00:00:00;;;;Los Angeles-Glendale WWRP; Monthly SMR ( MONNPDES ) report for February 2015;34,1372;-118,27422;Los Angeles River
EFF-001A;Total Dissolved Solids (TDS);;Monthly Average (Mean);=;772;mg/L;25,0;;25,0;2015-02-28;00:00:00;2015-02-28;00:00:00;;;;Los Angeles-Glendale WWRP; Monthly SMR ( MONNPDES ) report for February 2015;34,1372;-118,27422;Los Angeles River
EFF-001A;Total Dissolved Solids (TDS);;Monthly Average (Mean);=;46234;lb/day;;;;2017-04-30;00:00:00;2017-04-30;00:00:00;;;;Los Angeles-Glendale WWRP; Monthly SMR ( MONNPDES ) report for April 2017;34,1372;-118,27422;Los Angeles River
EFF-001A;Total Dissolved Solids (TDS);;Monthly Average (Mean);=;62755;lb/day;;;;2018-04-30;00:00:00;2018-04-30;00:00:00;;;;Los Angeles-Glendale WWRP; Monthly SMR ( MONNPDES ) report for April 2018;34,1372;-118,27422;Los Angeles River
EFF-001A;Total Dissolved Solids (TDS);Standard Method (19th) 2540 C: Total Diss. Solids at 180 deg.;;=;724;mg/L;25,0;25,0;25,0;2015-03-01;00:00:00;2015-02-27;00:00:00;;;;Los Angeles-Glendale WWRP; Monthly SMR ( MONNPDES ) report for March 2015;34,1372;-118,27422;Los Angeles River
EFF-001A;Total Dissolved Solids (TDS);;Monthly Average (Mean);=;59061;lb/day;;;;2019-04-30;00:00:00;2019-04-30;00:00:00;;;;Los Angeles-Glendale WWRP; Monthly SMR ( MONNPDES ) report for April 2019;34,1372;-118,27422;Los Angeles River
EFF-001A;Total Dissolved Solids (TDS);;Monthly Average (Mean);=;724;mg/L;25,0;;25,0;2015-03-31;00:00:00;2015-03-31;00:00:00;;;;Los Angeles-Glendale WWRP; Monthly SMR ( MONNPDES ) report for March 2015;34,1372;-118,27422;Los Angeles River
EFF-001A;Total Dissolved Solids (TDS);Standard Method (19th) 2540 C: Total Diss. Solids at 180 deg.;;=;826;mg/L;25,0;25,0;25,0;2015-04-01;00:00:00;2015-04-06;00:00:00;;;;Los Angeles-Glendale WWRP; Monthly SMR ( MONNPDES ) report for April 2015;34,1372;-118,27422;Los Angeles River
EFF-001A;Total Dissolved Solids (TDS);;Monthly Average (Mean);=;89344;lb/day;;;;2020-04-30;00:00:00;2020-04-30;00:00:00;;;;Los Angeles-Glendale WWRP; Monthly SMR ( MONNPDES ) report for April 2020;34,1372;-118,27422;Los Angeles River
EFF-001A;Total Dissolved Solids (TDS);;Monthly Average (Mean);=;826;mg/L;25,0;;25,0;2015-04-30;00:00:00;2015-04-30;00:00:00;;;;Los Angeles-Glendale WWRP; Monthly SMR ( MONNPDES ) report for April 2015;34,1372;-118,27422;Los Angeles River
EFF-001A;Total Dissolved Solids (TDS);;Monthly Average (Mean);=;55098;lb/day;;;;2021-04-30;00:00:00;2021-04-30;00:00:00;;;;Los Angeles-Glendale WWRP; Monthly SMR ( MONNPDES ) report for April 2021;34,1372;-118,27422;Los Angeles River
EFF-001A;Total Dissolved Solids (TDS);Standard Method (19th) 2540 C: Total Diss. Solids at 180 deg.;;=;848;mg/L;25,0;25,0;25,0;2015-05-01;00:00:00;2015-05-04;00:00:00;;;;Los Angeles-Glendale WWRP; Monthly SMR ( MONNPDES ) report for May 2015;34,1372;-118,27422;Los Angeles River
EFF-001A;Total Dissolved Solids (TDS);;Monthly Average (Mean);=;55570;lb/day;;;;2022-04-30;00:00:00;2022-04-30;00:00:00;;;;Los Angeles-Glendale WWRP; Monthly SMR ( MONNPDES ) report for April 2022;34,1372;-118,27422;Los Angeles River
EFF-001A;Total Dissolved Solids (TDS);;Monthly Average (Mean);=;45120;lb/day;;;;2023-04-30;00:00:00;2023-04-30;00:00:00;;;;Los Angeles-Glendale WWRP; Monthly SMR ( MONNPDES ) report for April 2023;34,1372;-118,27422;Los Angeles River
RSW-650;Total Dissolved Solids (TDS);Standard Method (19th) 2540 C: Total Diss. Solids at 180 deg.;;=;720;mg/L;25,0;25,0;25,0;2015-05-05;09:30:00;2015-05-11;00:00:00;;;;Los Angeles-Glendale WWRP; Monthly SMR ( MONNPDES ) report for May 2015;34,134833;-118,274533;Los Angeles River
EFF-001A;Total Dissolved Solids (TDS);;Monthly Average (Mean);=;57458;lb/day;;;;2024-04-30;00:00:00;2024-04-30;00:00:00;;;;Los Angeles-Glendale WWRP; Monthly SMR ( MONNPDES ) report for April 2024;34,1372;-118,27422;Los Angeles River
RSW-654;Total Dissolved Solids (TDS);Standard Method (19th) 2540 C: Total Diss. Solids at 180 deg.;;=;728;mg/L;25,0;25,0;25,0;2015-05-05;09:45:00;2015-05-11;00:00:00;;;;Los Angeles-Glendale WWRP; Monthly SMR ( MONNPDES ) report for May 2015;34,122833;-118,27045;Los Angeles River
EFF-001A;Total Dissolved Solids (TDS);;Monthly Average (Mean);=;848;mg/L;25,0;;25,0;2015-05-31;00:00:00;2015-05-31;00:00:00;;;;Los Angeles-Glendale WWRP; Monthly SMR ( MONNPDES ) report for May 2015;34,1372;-118,27422;Los Angeles River
EFF-001A;Total Dissolved Solids (TDS);;Monthly Average (Mean);=;52217;lb/day;;;;2025-04-30;00:00:00;2025-04-30;00:00:00;;;;Los Angeles-Glendale WWRP; Monthly SMR ( MONNPDES ) report for April 2025;34,1372;-118,27422;Los Angeles River
EFF-001A;Total Dissolved Solids (TDS);Standard Method (19th) 2540 C: Total Diss. Solids at 180 deg.;;=;872;mg/L;25,0;25,0;25,0;2015-06-04;00:00:00;2015-06-10;00:00:00;;;;Los Angeles-Glendale WWRP; Monthly SMR ( MONNPDES ) report for June 2015;34,1372;-118,27422;Los Angeles River
EFF-001A;Total Dissolved Solids (TDS);;Daily Discharge;=;69685;lb/day;;;;2012-05-01;00:00:00;2012-05-31;00:00:00;;;;Los Angeles-Glendale WWRP; Monthly SMR ( MONNPDES ) report for May 2012;34,1372;-118,27422;Los Angeles River
EFF-001A;Total Dissolved Solids (TDS);;Monthly Average (Mean);=;872;mg/L;25,0;;25,0;2015-06-30;00:00:00;2015-06-30;00:00:00;;;;Los Angeles-Glendale WWRP; Monthly SMR ( MONNPDES ) report for June 2015;34,1372;-118,27422;Los Angeles River
EFF-001A;Total Dissolved Solids (TDS);;Daily Discharge;=;62524;lb/day;;;;2013-05-01;00:00:00;2013-05-31;00:00:00;;;;Los Angeles-Glendale WWRP; Monthly SMR ( MONNPDES ) report for May 2013;34,1372;-118,27422;Los Angeles River
EFF-001A;Total Dissolved Solids (TDS);Standard Method (19th) 2540 C: Total Diss. Solids at 180 deg.;;=;858;mg/L;25,0;25,0;25,0;2015-07-06;00:00:00;2015-07-08;00:00:00;;;;Los Angeles-Glendale WWRP; Monthly SMR ( MONNPDES ) report for July 2015;34,1372;-118,27422;Los Angeles River
EFF-001A;Total Dissolved Solids (TDS);;Daily Discharge;=;55336;lb/day;;;;2015-05-01;00:00:00;2015-05-31;00:00:00;;;;Los Angeles-Glendale WWRP; Monthly SMR ( MONNPDES ) report for May 2015;34,1372;-118,27422;Los Angeles River
EFF-001A;Total Dissolved Solids (TDS);;Monthly Average (Mean);=;858;mg/L;25,0;;25,0;2015-07-31;00:00:00;2015-07-31;00:00:00;;;;Los Angeles-Glendale WWRP; Monthly SMR ( MONNPDES ) report for July 2015;34,1372;-118,27422;Los Angeles River
EFF-001A;Total Dissolved Solids (TDS);;Daily Discharge;=;31950;lb/day;;;;2017-05-01;00:00:00;2017-05-31;00:00:00;;;;Los Angeles-Glendale WWRP; Monthly SMR ( MONNPDES ) report for May 2017;34,1372;-118,27422;Los Angeles River
EFF-001A;Total Dissolved Solids (TDS);Standard Method (19th) 2540 C: Total Diss. Solids at 180 deg.;;=;850;mg/L;25,0;25,0;25,0;2015-08-01;00:00:00;2015-08-03;00:00:00;;;;Los Angeles-Glendale WWRP; Monthly SMR ( MONNPDES ) report for August 2015;34,1372;-118,27422;Los Angeles River
EFF-001A;Total Dissolved Solids (TDS);;Daily Discharge;=;49413;lb/day;;;;2019-05-01;00:00:00;2019-05-31;00:00:00;;;;Los Angeles-Glendale WWRP; Monthly SMR ( MONNPDES ) report for May 2019;34,1372;-118,27422;Los Angeles River
RSW-650;Total Dissolved Solids (TDS);Standard Method (19th) 2540 C: Total Diss. Solids at 180 deg.;;=;734;mg/L;25,0;25,0;25,0;2015-08-04;09:15:00;2015-08-05;00:00:00;;;;Los Angeles-Glendale WWRP; Monthly SMR ( MONNPDES ) report for August 2015;34,134833;-118,274533;Los Angeles River
EFF-001A;Total Dissolved Solids (TDS);;Daily Discharge;=;50902;lb/day;;;;2022-05-01;00:00:00;2022-05-31;00:00:00;;;;Los Angeles-Glendale WWRP; Monthly SMR ( MONNPDES ) report for May 2022;34,1372;-118,27422;Los Angeles River
RSW-654;Total Dissolved Solids (TDS);Standard Method (19th) 2540 C: Total Diss. Solids at 180 deg.;;=;754;mg/L;25,0;25,0;25,0;2015-08-04;09:45:00;2015-08-05;00:00:00;;;;Los Angeles-Glendale WWRP; Monthly SMR ( MONNPDES ) report for August 2015;34,122833;-118,27045;Los Angeles River
EFF-001A;Total Dissolved Solids (TDS);;Daily Discharge;=;42750;lb/day;;;;2024-05-01;00:00:00;2024-05-31;00:00:00;;;;Los Angeles-Glendale WWRP; Monthly SMR ( MONNPDES ) report for May 2024;34,1372;-118,27422;Los Angeles River
EFF-001A;Total Dissolved Solids (TDS);;Monthly Average (Mean);=;850;mg/L;25,0;;25,0;2015-08-31;00:00:00;2015-08-31;00:00:00;;;;Los Angeles-Glendale WWRP; Monthly SMR ( MONNPDES ) report for August 2015;34,1372;-118,27422;Los Angeles River
EFF-001A;Total Dissolved Solids (TDS);;Daily Discharge;=;46910;lb/day;;;;2025-05-01;00:00:00;2025-05-31;00:00:00;;;;Los Angeles-Glendale WWRP; Monthly SMR ( MONNPDES ) report for May 2025;34,1372;-118,27422;Los Angeles River
EFF-001A;Total Dissolved Solids (TDS);Standard Method (19th) 2540 C: Total Diss. Solids at 180 deg.;;=;820;mg/L;25,0;25,0;25,0;2015-09-01;00:00:00;2015-09-02;00:00:00;;;;Los Angeles-Glendale WWRP; Monthly SMR ( MONNPDES ) report for September 2015;34,1372;-118,27422;Los Angeles River
EFF-001A;Total Dissolved Solids (TDS);;Daily Discharge;=;53996;lb/day;;;;2020-05-03;00:00:00;2020-05-31;00:00:00;;;;Los Angeles-Glendale WWRP; Monthly SMR ( MONNPDES ) report for May 2020;34,1372;-118,27422;Los Angeles River
EFF-001A;Total Dissolved Solids (TDS);;Monthly Average (Mean);=;820;mg/L;25,0;;25,0;2015-09-30;00:00:00;2015-09-30;00:00:00;;;;Los Angeles-Glendale WWRP; Monthly SMR ( MONNPDES ) report for September 2015;34,1372;-118,27422;Los Angeles River
EFF-001A;Total Dissolved Solids (TDS);;Daily Discharge;=;38069;lb/day;;;;2023-05-03;00:00:00;2023-05-31;00:00:00;;;;Los Angeles-Glendale WWRP; Monthly SMR ( MONNPDES ) report for May 2023;34,1372;-118,27422;Los Angeles River
EFF-001A;Total Dissolved Solids (TDS);Standard Method (19th) 2540 C: Total Diss. Solids at 180 deg.;;=;772;mg/L;25,0;25,0;25,0;2015-10-03;00:00:00;2015-10-04;00:00:00;;;;Los Angeles-Glendale WWRP; Monthly SMR ( MONNPDES ) report for October 2015;34,1372;-118,27422;Los Angeles River
EFF-001A;Total Dissolved Solids (TDS);;Daily Discharge;=;54443;lb/day;;;;2014-05-05;00:00:00;2014-05-31;00:00:00;;;;Los Angeles-Glendale WWRP; Monthly SMR ( MONNPDES ) report for May 2014;34,1372;-118,27422;Los Angeles River
EFF-001A;Total Dissolved Solids (TDS);;Monthly Average (Mean);=;772;mg/L;25,0;;25,0;2015-10-31;00:00:00;2015-10-31;00:00:00;;;;Los Angeles-Glendale WWRP; Monthly SMR ( MONNPDES ) report for October 2015;34,1372;-118,27422;Los Angeles River
EFF-001A;Total Dissolved Solids (TDS);;Daily Discharge;=;40478;lb/day;;;;2021-05-06;00:00:00;2021-05-31;00:00:00;;;;Los Angeles-Glendale WWRP; Monthly SMR ( MONNPDES ) report for May 2021;34,1372;-118,27422;Los Angeles River
RSW-650;Total Dissolved Solids (TDS);Standard Method (19th) 2540 C: Total Diss. Solids at 180 deg.;;=;608;mg/L;25,0;25,0;25,0;2015-11-03;09:00:00;2015-11-05;00:00:00;;;;Los Angeles-Glendale WWRP; Monthly SMR ( MONNPDES ) report for November 2015;34,134833;-118,274533;Los Angeles River
EFF-001A;Total Dissolved Solids (TDS);;Daily Discharge;=;55493;lb/day;;;;2018-05-09;00:00:00;2018-05-31;00:00:00;;;;Los Angeles-Glendale WWRP; Monthly SMR ( MONNPDES ) report for May 2018;34,1372;-118,27422;Los Angeles River
RSW-654;Total Dissolved Solids (TDS);Standard Method (19th) 2540 C: Total Diss. Solids at 180 deg.;;=;628;mg/L;25,0;25,0;25,0;2015-11-03;09:30:00;2015-11-05;00:00:00;;;;Los Angeles-Glendale WWRP; Monthly SMR ( MONNPDES ) report for November 2015;34,122833;-118,27045;Los Angeles River
EFF-001A;Total Dissolved Solids (TDS);;Daily Discharge;=;44172;lb/day;;;;2016-05-19;00:00:00;2016-05-31;00:00:00;;;;Los Angeles-Glendale WWRP; Monthly SMR ( MONNPDES ) report for May 2016;34,1372;-118,27422;Los Angeles River
EFF-001A;Total Dissolved Solids (TDS);Standard Method (19th) 2540 C: Total Diss. Solids at 180 deg.;;=;868;mg/L;25,0;25,0;25,0;2015-11-08;00:00:00;2015-11-12;00:00:00;;;;Los Angeles-Glendale WWRP; Monthly SMR ( MONNPDES ) report for November 2015;34,1372;-118,27422;Los Angeles River
EFF-001A;Total Dissolved Solids (TDS);;Monthly Average (Mean);=;69685;lb/day;;;;2012-05-31;00:00:00;2012-05-31;00:00:00;;;;Los Angeles-Glendale WWRP; Monthly SMR ( MONNPDES ) report for May 2012;34,1372;-118,27422;Los Angeles River
EFF-001A;Total Dissolved Solids (TDS);;Monthly Average (Mean);=;62524;lb/day;;;;2013-05-31;00:00:00;2013-05-31;00:00:00;;;;Los Angeles-Glendale WWRP; Monthly SMR ( MONNPDES ) report for May 2013;34,1372;-118,27422;Los Angeles River
EFF-001A;Total Dissolved Solids (TDS);;Monthly Average (Mean);=;868;mg/L;25,0;;25,0;2015-11-30;00:00:00;2015-11-30;00:00:00;;;;Los Angeles-Glendale WWRP; Monthly SMR ( MONNPDES ) report for November 2015;34,1372;-118,27422;Los Angeles River
EFF-001A;Total Dissolved Solids (TDS);;Monthly Average (Mean);=;54443;lb/day;;;;2014-05-31;00:00:00;2014-05-31;00:00:00;;;;Los Angeles-Glendale WWRP; Monthly SMR ( MONNPDES ) report for May 2014;34,1372;-118,27422;Los Angeles River
EFF-001A;Total Dissolved Solids (TDS);Standard Method (19th) 2540 C: Total Diss. Solids at 180 deg.;;=;796;mg/L;25,0;25,0;25,0;2015-12-02;00:00:00;2015-12-08;00:00:00;;;;Los Angeles-Glendale WWRP; Monthly SMR ( MONNPDES ) report for December 2015;34,1372;-118,27422;Los Angeles River
EFF-001A;Total Dissolved Solids (TDS);;Monthly Average (Mean);=;55336;lb/day;;;;2015-05-31;00:00:00;2015-05-31;00:00:00;;;;Los Angeles-Glendale WWRP; Monthly SMR ( MONNPDES ) report for May 2015;34,1372;-118,27422;Los Angeles River
EFF-001A;Total Dissolved Solids (TDS);;Monthly Average (Mean);=;796;mg/L;25,0;;25,0;2015-12-31;00:00:00;2015-12-31;00:00:00;;;;Los Angeles-Glendale WWRP; Monthly SMR ( MONNPDES ) report for December 2015;34,1372;-118,27422;Los Angeles River
EFF-001A;Total Dissolved Solids (TDS);Standard Method (19th) 2540 C: Total Diss. Solids at 180 deg.;;=;764;mg/L;25,0;25,0;25,0;2016-01-05;00:00:00;2016-01-11;00:00:00;;;;Los Angeles-Glendale WWRP; Monthly SMR ( MONNPDES ) report for January 2016;34,1372;-118,27422;Los Angeles River
EFF-001A;Total Dissolved Solids (TDS);;Monthly Average (Mean);=;44172;lb/day;;;;2016-05-31;00:00:00;2016-05-31;00:00:00;;;;Los Angeles-Glendale WWRP; Monthly SMR ( MONNPDES ) report for May 2016;34,1372;-118,27422;Los Angeles River
EFF-001A;Total Dissolved Solids (TDS);;Monthly Average (Mean);=;31950;lb/day;;;;2017-05-31;00:00:00;2017-05-31;00:00:00;;;;Los Angeles-Glendale WWRP; Monthly SMR ( MONNPDES ) report for May 2017;34,1372;-118,27422;Los Angeles River
EFF-001A;Total Dissolved Solids (TDS);;Monthly Average (Mean);=;764;mg/L;25,0;;25,0;2016-01-31;00:00:00;2016-01-31;00:00:00;;;;Los Angeles-Glendale WWRP; Monthly SMR ( MONNPDES ) report for January 2016;34,1372;-118,27422;Los Angeles River
EFF-001A;Total Dissolved Solids (TDS);Standard Method (19th) 2540 C: Total Diss. Solids at 180 deg.;;=;660;mg/L;25,0;25,0;25,0;2016-02-01;00:00:00;2016-02-03;00:00:00;;;;Los Angeles-Glendale WWRP; Monthly SMR ( MONNPDES ) report for February 2016;34,1372;-118,27422;Los Angeles River
EFF-001A;Total Dissolved Solids (TDS);;Monthly Average (Mean);=;55493;lb/day;;;;2018-05-31;00:00:00;2018-05-31;00:00:00;;;;Los Angeles-Glendale WWRP; Monthly SMR ( MONNPDES ) report for May 2018;34,1372;-118,27422;Los Angeles River
EFF-001A;Total Dissolved Solids (TDS);;Monthly Average (Mean);=;49413;lb/day;;;;2019-05-31;00:00:00;2019-05-31;00:00:00;;;;Los Angeles-Glendale WWRP; Monthly SMR ( MONNPDES ) report for May 2019;34,1372;-118,27422;Los Angeles River
EFF-001A;Total Dissolved Solids (TDS);;Monthly Average (Mean);=;660;mg/L;25,0;;25,0;2016-02-29;00:00:00;2016-02-29;00:00:00;;;;Los Angeles-Glendale WWRP; Monthly SMR ( MONNPDES ) report for February 2016;34,1372;-118,27422;Los Angeles River
EFF-001A;Total Dissolved Solids (TDS);Standard Method (19th) 2540 C: Total Diss. Solids at 180 deg.;;=;722;mg/L;25,0;25,0;25,0;2016-03-03;00:00:00;2016-03-08;00:00:00;;;;Los Angeles-Glendale WWRP; Monthly SMR ( MONNPDES ) report for March 2016;34,1372;-118,27422;Los Angeles River
EFF-001A;Total Dissolved Solids (TDS);;Monthly Average (Mean);=;53996;lb/day;;;;2020-05-31;00:00:00;2020-05-31;00:00:00;;;;Los Angeles-Glendale WWRP; Monthly SMR ( MONNPDES ) report for May 2020;34,1372;-118,27422;Los Angeles River
EFF-001A;Total Dissolved Solids (TDS);;Monthly Average (Mean);=;722;mg/L;25,0;;25,0;2016-03-31;00:00:00;2016-03-31;00:00:00;;;;Los Angeles-Glendale WWRP; Monthly SMR ( MONNPDES ) report for March 2016;34,1372;-118,27422;Los Angeles River
EFF-001A;Total Dissolved Solids (TDS);;Monthly Average (Mean);=;40478;lb/day;;;;2021-05-31;00:00:00;2021-05-31;00:00:00;;;;Los Angeles-Glendale WWRP; Monthly SMR ( MONNPDES ) report for May 2021;34,1372;-118,27422;Los Angeles River
EFF-001A;Total Dissolved Solids (TDS);Standard Method (19th) 2540 C: Total Diss. Solids at 180 deg.;;=;836;mg/L;25,0;25,0;25,0;2016-04-01;00:00:00;2016-04-05;00:00:00;;;;Los Angeles-Glendale WWRP; Monthly SMR ( MONNPDES ) report for April 2016;34,1372;-118,27422;Los Angeles River
EFF-001A;Total Dissolved Solids (TDS);;Monthly Average (Mean);=;50902;lb/day;;;;2022-05-31;00:00:00;2022-05-31;00:00:00;;;;Los Angeles-Glendale WWRP; Monthly SMR ( MONNPDES ) report for May 2022;34,1372;-118,27422;Los Angeles River
EFF-001A;Total Dissolved Solids (TDS);;Monthly Average (Mean);=;38069;lb/day;;;;2023-05-31;00:00:00;2023-05-31;00:00:00;;;;Los Angeles-Glendale WWRP; Monthly SMR ( MONNPDES ) report for May 2023;34,1372;-118,27422;Los Angeles River
EFF-001A;Total Dissolved Solids (TDS);;Monthly Average (Mean);=;836;mg/L;25,0;;25,0;2016-04-30;00:00:00;2016-04-30;00:00:00;;;;Los Angeles-Glendale WWRP; Monthly SMR ( MONNPDES ) report for April 2016;34,1372;-118,27422;Los Angeles River
EFF-001A;Total Dissolved Solids (TDS);;Monthly Average (Mean);=;42750;lb/day;;;;2024-05-31;00:00:00;2024-05-31;00:00:00;;;;Los Angeles-Glendale WWRP; Monthly SMR ( MONNPDES ) report for May 2024;34,1372;-118,27422;Los Angeles River
EFF-001A;Total Dissolved Solids (TDS);Standard Method (19th) 2540 C: Total Diss. Solids at 180 deg.;;=;800;mg/L;25,0;;25,0;2016-05-19;00:00:00;2016-05-23;00:00:00;;;;Los Angeles-Glendale WWRP; Monthly SMR ( MONNPDES ) report for May 2016;34,1372;-118,27422;Los Angeles River
EFF-001A;Total Dissolved Solids (TDS);;Monthly Average (Mean);=;46910;lb/day;;;;2025-05-31;00:00:00;2025-05-31;00:00:00;;;;Los Angeles-Glendale WWRP; Monthly SMR ( MONNPDES ) report for May 2025;34,1372;-118,27422;Los Angeles River
EFF-001A;Total Dissolved Solids (TDS);;Monthly Average (Mean);=;800;mg/L;25,0;;25,0;2016-05-31;00:00:00;2016-05-31;00:00:00;;;;Los Angeles-Glendale WWRP; Monthly SMR ( MONNPDES ) report for May 2016;34,1372;-118,27422;Los Angeles River
EFF-001A;Total Dissolved Solids (TDS);Standard Method (19th) 2540 C: Total Diss. Solids at 180 deg.;;=;842;mg/L;25,0;25,0;25,0;2016-06-04;00:00:00;2016-06-08;00:00:00;;;;Los Angeles-Glendale WWRP; Monthly SMR ( MONNPDES ) report for June 2016;34,1372;-118,27422;Los Angeles River
EFF-001A;Total Dissolved Solids (TDS);;Daily Discharge;=;68859;lb/day;;;;2013-06-01;00:00:00;2013-06-30;00:00:00;;;;Los Angeles-Glendale WWRP; Monthly SMR ( MONNPDES ) report for June 2013;34,1372;-118,27422;Los Angeles River
EFF-001A;Total Dissolved Solids (TDS);;Monthly Average (Mean);=;842;mg/L;25,0;;25,0;2016-06-30;00:00:00;2016-06-30;00:00:00;;;;Los Angeles-Glendale WWRP; Monthly SMR ( MONNPDES ) report for June 2016;34,1372;-118,27422;Los Angeles River
EFF-001A;Total Dissolved Solids (TDS);;Daily Discharge;=;43945;lb/day;;;;2022-06-01;00:00:00;2022-06-30;00:00:00;;;;Los Angeles-Glendale WWRP; Monthly SMR ( MONNPDES ) report for June 2022;34,1372;-118,27422;Los Angeles River
EFF-001A;Total Dissolved Solids (TDS);Standard Method (19th) 2540 C: Total Diss. Solids at 180 deg.;;=;790;mg/L;25,0;25,0;25,0;2016-07-06;00:00:00;2016-07-07;00:00:00;;;;Los Angeles-Glendale WWRP; Monthly SMR ( MONNPDES ) report for July 2016;34,1372;-118,27422;Los Angeles River
EFF-001A;Total Dissolved Solids (TDS);;Daily Discharge;=;65425;lb/day;;;;2012-06-02;00:00:00;2012-06-30;00:00:00;;;;Los Angeles-Glendale WWRP; Monthly SMR ( MONNPDES ) report for June 2012;34,1372;-118,27422;Los Angeles River
EFF-001A;Total Dissolved Solids (TDS);;Monthly Average (Mean);=;790;mg/L;25,0;;25,0;2016-07-31;00:00:00;2016-07-31;00:00:00;;;;Los Angeles-Glendale WWRP; Monthly SMR ( MONNPDES ) report for July 2016;34,1372;-118,27422;Los Angeles River
EFF-001A;Total Dissolved Solids (TDS);;Daily Discharge;=;37433;lb/day;;;;2017-06-02;00:00:00;2017-06-30;00:00:00;;;;Los Angeles-Glendale WWRP; Monthly SMR ( MONNPDES ) report for June 2017;34,1372;-118,27422;Los Angeles River
EFF-001A;Total Dissolved Solids (TDS);Standard Method (19th) 2540 C: Total Diss. Solids at 180 deg.;;=;772;mg/L;25,0;25,0;25,0;2016-08-03;00:00:00;2016-08-08;00:00:00;;;;Los Angeles-Glendale WWRP; Monthly SMR ( MONNPDES ) report for August 2016;34,1372;-118,27422;Los Angeles River
EFF-001A;Total Dissolved Solids (TDS);;Daily Discharge;=;50854;lb/day;;;;2019-06-02;00:00:00;2019-06-30;00:00:00;;;;Los Angeles-Glendale WWRP; Monthly SMR ( MONNPDES ) report for June 2019;34,1372;-118,27422;Los Angeles River
EFF-001A;Total Dissolved Solids (TDS);;Monthly Average (Mean);=;772;mg/L;25,0;;25,0;2016-08-31;00:00:00;2016-08-31;00:00:00;;;;Los Angeles-Glendale WWRP; Monthly SMR ( MONNPDES ) report for August 2016;34,1372;-118,27422;Los Angeles River
EFF-001A;Total Dissolved Solids (TDS);;Daily Discharge;=;36658;lb/day;;;;2023-06-02;00:00:00;2023-06-30;00:00:00;;;;Los Angeles-Glendale WWRP; Monthly SMR ( MONNPDES ) report for June 2023;34,1372;-118,27422;Los Angeles River
EFF-001A;Total Dissolved Solids (TDS);Standard Method (19th) 2540 C: Total Diss. Solids at 180 deg.;;=;786;mg/L;25,0;25,0;25,0;2016-09-02;00:00:00;2016-09-07;00:00:00;;;;Los Angeles-Glendale WWRP; Monthly SMR ( MONNPDES ) report for September 2016;34,1372;-118,27422;Los Angeles River
EFF-001A;Total Dissolved Solids (TDS);;Daily Discharge;=;74411;lb/day;;;;2015-06-04;00:00:00;2015-06-30;00:00:00;;;;Los Angeles-Glendale WWRP; Monthly SMR ( MONNPDES ) report for June 2015;34,1372;-118,27422;Los Angeles River
EFF-001A;Total Dissolved Solids (TDS);;Monthly Average (Mean);=;786;mg/L;25,0;;25,0;2016-09-30;00:00:00;2016-09-30;00:00:00;;;;Los Angeles-Glendale WWRP; Monthly SMR ( MONNPDES ) report for September 2016;34,1372;-118,27422;Los Angeles River
EFF-001A;Total Dissolved Solids (TDS);;Daily Discharge;=;57058;lb/day;;;;2016-06-04;00:00:00;2016-06-30;00:00:00;;;;Los Angeles-Glendale WWRP; Monthly SMR ( MONNPDES ) report for June 2016;34,1372;-118,27422;Los Angeles River
EFF-001A;Total Dissolved Solids (TDS);Standard Method (19th) 2540 C: Total Diss. Solids at 180 deg.;;=;778;mg/L;25,0;25,0;25,0;2016-10-03;00:00:00;2016-10-05;00:00:00;;;;Los Angeles-Glendale WWRP; Monthly SMR ( MONNPDES ) report for October 2016;34,1372;-118,27422;Los Angeles River
EFF-001A;Total Dissolved Solids (TDS);;Daily Discharge;=;64328;lb/day;;;;2018-06-04;00:00:00;2018-06-30;00:00:00;;;;Los Angeles-Glendale WWRP; Monthly SMR ( MONNPDES ) report for June 2018;34,1372;-118,27422;Los Angeles River
EFF-001A;Total Dissolved Solids (TDS);;Monthly Average (Mean);=;778;mg/L;25,0;;25,0;2016-10-31;00:00:00;2016-10-31;00:00:00;;;;Los Angeles-Glendale WWRP; Monthly SMR ( MONNPDES ) report for October 2016;34,1372;-118,27422;Los Angeles River
EFF-001A;Total Dissolved Solids (TDS);;Daily Discharge;=;52344;lb/day;;;;2014-06-05;00:00:00;2014-06-30;00:00:00;;;;Los Angeles-Glendale WWRP; Monthly SMR ( MONNPDES ) report for June 2014;34,1372;-118,27422;Los Angeles River
EFF-001A;Total Dissolved Solids (TDS);Standard Method (19th) 2540 C: Total Diss. Solids at 180 deg.;;=;778;mg/L;25,0;25,0;25,0;2016-11-01;00:00:00;2016-11-02;00:00:00;;;;Los Angeles-Glendale WWRP; Monthly SMR ( MONNPDES ) report for November 2016;34,1372;-118,27422;Los Angeles River
EFF-001A;Total Dissolved Solids (TDS);;Daily Discharge;=;47519;lb/day;;;;2025-06-07;00:00:00;2025-06-30;00:00:00;;;;Los Angeles-Glendale WWRP; Monthly SMR ( MONNPDES ) report for June 2025;34,1372;-118,27422;Los Angeles River
RSW-650;Total Dissolved Solids (TDS);Standard Method (19th) 2540 C: Total Diss. Solids at 180 deg.;;=;668;mg/L;25,0;25,0;25,0;2016-11-15;10:15:00;2016-11-16;00:00:00;;;;Los Angeles-Glendale WWRP; Monthly SMR ( MONNPDES ) report for November 2016;34,134833;-118,274533;Los Angeles River
EFF-001A;Total Dissolved Solids (TDS);;Daily Discharge;=;40692;lb/day;;;;2020-06-08;00:00:00;2020-06-30;00:00:00;;;;Los Angeles-Glendale WWRP; Monthly SMR ( MONNPDES ) report for June 2020;34,1372;-118,27422;Los Angeles River
RSW-654;Total Dissolved Solids (TDS);Standard Method (19th) 2540 C: Total Diss. Solids at 180 deg.;;=;736;mg/L;25,0;25,0;25,0;2016-11-15;10:40:00;2016-11-16;00:00:00;;;;Los Angeles-Glendale WWRP; Monthly SMR ( MONNPDES ) report for November 2016;34,122833;-118,27045;Los Angeles River
EFF-001A;Total Dissolved Solids (TDS);;Daily Discharge;=;36743;lb/day;;;;2024-06-08;00:00:00;2024-06-30;00:00:00;;;;Los Angeles-Glendale WWRP; Monthly SMR ( MONNPDES ) report for June 2024;34,1372;-118,27422;Los Angeles River
EFF-001A;Total Dissolved Solids (TDS);;Monthly Average (Mean);=;778;mg/L;25,0;;25,0;2016-11-30;00:00:00;2016-11-30;00:00:00;;;;Los Angeles-Glendale WWRP; Monthly SMR ( MONNPDES ) report for November 2016;34,1372;-118,27422;Los Angeles River
EFF-001A;Total Dissolved Solids (TDS);;Daily Discharge;=;39424;lb/day;;;;2021-06-14;00:00:00;2021-06-30;00:00:00;;;;Los Angeles-Glendale WWRP; Monthly SMR ( MONNPDES ) report for June 2021;34,1372;-118,27422;Los Angeles River
EFF-001A;Total Dissolved Solids (TDS);;Monthly Average (Mean);=;65425;lb/day;;;;2012-06-30;00:00:00;2012-06-30;00:00:00;;;;Los Angeles-Glendale WWRP; Monthly SMR ( MONNPDES ) report for June 2012;34,1372;-118,27422;Los Angeles River
RSW-650;Total Dissolved Solids (TDS);Standard Method (19th) 2540 C: Total Diss. Solids at 180 deg.;;=;672;mg/L;28,0;28,0;28,0;2016-12-06;09:10:00;2016-12-07;00:00:00;;;;Los Angeles-Glendale WWRP; Monthly SMR ( MONNPDES ) report for December 2016;34,134833;-118,274533;Los Angeles River
RSW-654(a);Total Dissolved Solids (TDS);Standard Method (19th) 2540 C: Total Diss. Solids at 180 deg.;;=;684;mg/L;28,0;;;2016-12-06;09:35:00;2016-12-07;00:00:00;;;;Los Angeles-Glendale WWRP; Monthly SMR ( MONNPDES ) report for December 2016;34,13;-118,27314;Los Angeles River
EFF-001A;Total Dissolved Solids (TDS);;Monthly Average (Mean);=;68859;lb/day;;;;2013-06-30;00:00:00;2013-06-30;00:00:00;;;;Los Angeles-Glendale WWRP; Monthly SMR ( MONNPDES ) report for June 2013;34,1372;-118,27422;Los Angeles River
EFF-001A;Total Dissolved Solids (TDS);Standard Method (19th) 2540 C: Total Diss. Solids at 180 deg.;;=;806;mg/L;35,0;35,0;35,0;2016-12-19;23:55:00;2016-12-21;00:00:00;;;;Los Angeles-Glendale WWRP; Monthly SMR ( MONNPDES ) report for December 2016;34,1372;-118,27422;Los Angeles River
EFF-001A;Total Dissolved Solids (TDS);;Monthly Average (Mean);=;52344;lb/day;;;;2014-06-30;00:00:00;2014-06-30;00:00:00;;;;Los Angeles-Glendale WWRP; Monthly SMR ( MONNPDES ) report for June 2014;34,1372;-118,27422;Los Angeles River
EFF-001A;Total Dissolved Solids (TDS);;Monthly Average (Mean);=;74411;lb/day;;;;2015-06-30;00:00:00;2015-06-30;00:00:00;;;;Los Angeles-Glendale WWRP; Monthly SMR ( MONNPDES ) report for June 2015;34,1372;-118,27422;Los Angeles River
EFF-001A;Total Dissolved Solids (TDS);;Monthly Average (Mean);=;806;mg/L;35,0;;35,0;2016-12-31;00:00:00;2016-12-31;00:00:00;;;;Los Angeles-Glendale WWRP; Monthly SMR ( MONNPDES ) report for December 2016;34,1372;-118,27422;Los Angeles River
EFF-001A;Total Dissolved Solids (TDS);Standard Method (19th) 2540 C: Total Diss. Solids at 180 deg.;;=;756;mg/L;35,0;35,0;35,0;2017-01-05;23:55:00;2017-01-06;00:00:00;;;;Los Angeles-Glendale WWRP; Monthly SMR ( MONNPDES ) report for January 2017;34,1372;-118,27422;Los Angeles River
EFF-001A;Total Dissolved Solids (TDS);;Monthly Average (Mean);=;57058;lb/day;;;;2016-06-30;00:00:00;2016-06-30;00:00:00;;;;Los Angeles-Glendale WWRP; Monthly SMR ( MONNPDES ) report for June 2016;34,1372;-118,27422;Los Angeles River
EFF-001A;Total Dissolved Solids (TDS);;Monthly Average (Mean);=;37433;lb/day;;;;2017-06-30;00:00:00;2017-06-30;00:00:00;;;;Los Angeles-Glendale WWRP; Monthly SMR ( MONNPDES ) report for June 2017;34,1372;-118,27422;Los Angeles River
EFF-001A;Total Dissolved Solids (TDS);;Monthly Average (Mean);=;756;mg/L;35,0;;35,0;2017-01-31;00:00:00;2017-01-31;00:00:00;;;;Los Angeles-Glendale WWRP; Monthly SMR ( MONNPDES ) report for January 2017;34,1372;-118,27422;Los Angeles River
EFF-001A;Total Dissolved Solids (TDS);Standard Method (19th) 2540 C: Total Diss. Solids at 180 deg.;;=;738;mg/L;35,0;35,0;35,0;2017-02-01;23:55:00;2017-02-06;00:00:00;;;;Los Angeles-Glendale WWRP; Monthly SMR ( MONNPDES ) report for February 2017;34,1372;-118,27422;Los Angeles River
EFF-001A;Total Dissolved Solids (TDS);;Monthly Average (Mean);=;64328;lb/day;;;;2018-06-30;00:00:00;2018-06-30;00:00:00;;;;Los Angeles-Glendale WWRP; Monthly SMR ( MONNPDES ) report for June 2018;34,1372;-118,27422;Los Angeles River
EFF-001A;Total Dissolved Solids (TDS);;Monthly Average (Mean);=;50854;lb/day;;;;2019-06-30;00:00:00;2019-06-30;00:00:00;;;;Los Angeles-Glendale WWRP; Monthly SMR ( MONNPDES ) report for June 2019;34,1372;-118,27422;Los Angeles River
RSW-650;Total Dissolved Solids (TDS);Standard Method (19th) 2540 C: Total Diss. Solids at 180 deg.;;=;704;mg/L;35,0;35,0;35,0;2017-02-16;09:30:00;2017-02-16;00:00:00;;;;Los Angeles-Glendale WWRP; Monthly SMR ( MONNPDES ) report for February 2017;34,134833;-118,274533;Los Angeles River
RSW-654(a);Total Dissolved Solids (TDS);Standard Method (19th) 2540 C: Total Diss. Solids at 180 deg.;;=;672;mg/L;35,0;35,0;35,0;2017-02-16;10:00:00;2017-02-16;00:00:00;;;;Los Angeles-Glendale WWRP; Monthly SMR ( MONNPDES ) report for February 2017;34,13;-118,27314;Los Angeles River
EFF-001A;Total Dissolved Solids (TDS);;Monthly Average (Mean);=;40692;lb/day;;;;2020-06-30;00:00:00;2020-06-30;00:00:00;;;;Los Angeles-Glendale WWRP; Monthly SMR ( MONNPDES ) report for June 2020;34,1372;-118,27422;Los Angeles River
EFF-001A;Total Dissolved Solids (TDS);;Monthly Average (Mean);=;738;mg/L;35,0;;35,0;2017-02-28;00:00:00;2017-02-28;00:00:00;;;;Los Angeles-Glendale WWRP; Monthly SMR ( MONNPDES ) report for February 2017;34,1372;-118,27422;Los Angeles River
EFF-001A;Total Dissolved Solids (TDS);;Monthly Average (Mean);=;39424;lb/day;;;;2021-06-30;00:00:00;2021-06-30;00:00:00;;;;Los Angeles-Glendale WWRP; Monthly SMR ( MONNPDES ) report for June 2021;34,1372;-118,27422;Los Angeles River
EFF-001A;Total Dissolved Solids (TDS);;Monthly Average (Mean);=;43945;lb/day;;;;2022-06-30;00:00:00;2022-06-30;00:00:00;;;;Los Angeles-Glendale WWRP; Monthly SMR ( MONNPDES ) report for June 2022;34,1372;-118,27422;Los Angeles River
EFF-001A;Total Dissolved Solids (TDS);Standard Method (19th) 2540 C: Total Diss. Solids at 180 deg.;;=;682;mg/L;35,0;35,0;35,0;2017-03-01;23:55:00;2017-03-07;00:00:00;;;;Los Angeles-Glendale WWRP; Monthly SMR ( MONNPDES ) report for March 2017;34,1372;-118,27422;Los Angeles River
EFF-001A;Total Dissolved Solids (TDS);;Monthly Average (Mean);=;682;mg/L;35,0;;35,0;2017-03-31;00:00:00;2017-03-31;00:00:00;;;;Los Angeles-Glendale WWRP; Monthly SMR ( MONNPDES ) report for March 2017;34,1372;-118,27422;Los Angeles River
EFF-001A;Total Dissolved Solids (TDS);;Monthly Average (Mean);=;36658;lb/day;;;;2023-06-30;00:00:00;2023-06-30;00:00:00;;;;Los Angeles-Glendale WWRP; Monthly SMR ( MONNPDES ) report for June 2023;34,1372;-118,27422;Los Angeles River
EFF-001A;Total Dissolved Solids (TDS);Standard Method (19th) 2540 C: Total Diss. Solids at 180 deg.;;=;628;mg/L;35,0;35,0;35,0;2017-04-02;23:55:00;2017-04-02;00:00:00;;;;Los Angeles-Glendale WWRP; Monthly SMR ( MONNPDES ) report for April 2017;34,1372;-118,27422;Los Angeles River
EFF-001A;Total Dissolved Solids (TDS);;Monthly Average (Mean);=;36743;lb/day;;;;2024-06-30;00:00:00;2024-06-30;00:00:00;;;;Los Angeles-Glendale WWRP; Monthly SMR ( MONNPDES ) report for June 2024;34,1372;-118,27422;Los Angeles River
EFF-001A;Total Dissolved Solids (TDS);;Monthly Average (Mean);=;47519;lb/day;;;;2025-06-30;00:00:00;2025-06-30;00:00:00;;;;Los Angeles-Glendale WWRP; Monthly SMR ( MONNPDES ) report for June 2025;34,1372;-118,27422;Los Angeles River
EFF-001A;Total Dissolved Solids (TDS);;Monthly Average (Mean);=;628;mg/L;35,0;;35,0;2017-04-30;00:00:00;2017-04-30;00:00:00;;;;Los Angeles-Glendale WWRP; Monthly SMR ( MONNPDES ) report for April 2017;34,1372;-118,27422;Los Angeles River
EFF-001A;Total Dissolved Solids (TDS);Standard Method (19th) 2540 C: Total Diss. Solids at 180 deg.;;=;670;mg/L;35,0;35,0;35,0;2017-05-01;23:55:00;2017-05-03;00:00:00;;;;Los Angeles-Glendale WWRP; Monthly SMR ( MONNPDES ) report for May 2017;34,1372;-118,27422;Los Angeles River
EFF-001A;Total Dissolved Solids (TDS);;Daily Discharge;=;42834;lb/day;;;;2012-07-01;00:00:00;2012-07-31;00:00:00;;;;Los Angeles-Glendale WWRP; Monthly SMR ( MONNPDES ) report for July 2012;34,1372;-118,27422;Los Angeles River
RSW-LAGT650;Total Dissolved Solids (TDS);Standard Method (19th) 2540 C: Total Diss. Solids at 180 deg.;;=;702;mg/L;35,0;35,0;35,0;2017-05-02;08:30:00;2017-05-09;00:00:00;;;;Los Angeles-Glendale WWRP; Monthly SMR ( MONNPDES ) report for May 2017;34,1377;-118,27532;Los Angeles River
EFF-001A;Total Dissolved Solids (TDS);;Daily Discharge;=;50598;lb/day;;;;2013-07-01;00:00:00;2013-07-31;00:00:00;;;;Los Angeles-Glendale WWRP; Monthly SMR ( MONNPDES ) report for July 2013;34,1372;-118,27422;Los Angeles River
RSW-LAGT654(a);Total Dissolved Solids (TDS);Standard Method (19th) 2540 C: Total Diss. Solids at 180 deg.;;=;704;mg/L;35,0;35,0;35,0;2017-05-02;08:45:00;2017-05-09;00:00:00;;;;Los Angeles-Glendale WWRP; Monthly SMR ( MONNPDES ) report for May 2017;34,13;-118,27314;Los Angeles River
EFF-001A;Total Dissolved Solids (TDS);;Daily Discharge;=;45176;lb/day;;;;2014-07-01;00:00:00;2014-07-31;00:00:00;;;;Los Angeles-Glendale WWRP; Monthly SMR ( MONNPDES ) report for July 2014;34,1372;-118,27422;Los Angeles River
EFF-001A;Total Dissolved Solids (TDS);;Monthly Average (Mean);=;670;mg/L;35,0;;35,0;2017-05-31;00:00:00;2017-05-31;00:00:00;;;;Los Angeles-Glendale WWRP; Monthly SMR ( MONNPDES ) report for May 2017;34,1372;-118,27422;Los Angeles River
EFF-001A;Total Dissolved Solids (TDS);;Daily Discharge;=;50357;lb/day;;;;2018-07-01;00:00:00;2018-07-31;00:00:00;;;;Los Angeles-Glendale WWRP; Monthly SMR ( MONNPDES ) report for July 2018;34,1372;-118,27422;Los Angeles River
EFF-001A;Total Dissolved Solids (TDS);Standard Method (19th) 2540 C: Total Diss. Solids at 180 deg.;;=;658;mg/L;35,0;35,0;35,0;2017-06-02;23:55:00;2017-06-06;00:00:00;;;;Los Angeles-Glendale WWRP; Monthly SMR ( MONNPDES ) report for June 2017;34,1372;-118,27422;Los Angeles River
EFF-001A;Total Dissolved Solids (TDS);;Daily Discharge;=;36650;lb/day;;;;2019-07-01;00:00:00;2019-07-31;00:00:00;;;;Los Angeles-Glendale WWRP; Monthly SMR ( MONNPDES ) report for July 2019;34,1372;-118,27422;Los Angeles River
EFF-001A;Total Dissolved Solids (TDS);;Monthly Average (Mean);=;658;mg/L;35,0;;35,0;2017-06-30;00:00:00;2017-06-30;00:00:00;;;;Los Angeles-Glendale WWRP; Monthly SMR ( MONNPDES ) report for June 2017;34,1372;-118,27422;Los Angeles River
EFF-001A;Total Dissolved Solids (TDS);;Daily Discharge;=;39407;lb/day;;;;2020-07-01;00:00:00;2020-07-31;00:00:00;;;;Los Angeles-Glendale WWRP; Monthly SMR ( MONNPDES ) report for July 2020;34,1372;-118,27422;Los Angeles River
EFF-001A;Total Dissolved Solids (TDS);Standard Method (19th) 2540 C: Total Diss. Solids at 180 deg.;;=;590;mg/L;35,0;35,0;35,0;2017-07-07;23:55:00;2017-07-12;00:00:00;;;;Los Angeles-Glendale WWRP; Monthly SMR ( MONNPDES ) report for July 2017;34,1372;-118,27422;Los Angeles River
EFF-001A;Total Dissolved Solids (TDS);;Daily Discharge;=;27628;lb/day;;;;2024-07-01;00:00:00;2024-07-31;00:00:00;;;;Los Angeles-Glendale WWRP; Monthly SMR ( MONNPDES ) report for July 2024;34,1372;-118,27422;Los Angeles River
EFF-001A;Total Dissolved Solids (TDS);;Monthly Average (Mean);=;590;mg/L;35,0;;35,0;2017-07-31;00:00:00;2017-07-31;00:00:00;;;;Los Angeles-Glendale WWRP; Monthly SMR ( MONNPDES ) report for July 2017;34,1372;-118,27422;Los Angeles River
EFF-001A;Total Dissolved Solids (TDS);;Daily Discharge;=;55271;lb/day;;;;2015-07-06;00:00:00;2015-07-31;00:00:00;;;;Los Angeles-Glendale WWRP; Monthly SMR ( MONNPDES ) report for July 2015;34,1372;-118,27422;Los Angeles River
EFF-001A;Total Dissolved Solids (TDS);Standard Method (19th) 2540 C: Total Diss. Solids at 180 deg.;;=;634;mg/L;35,0;35,0;35,0;2017-08-01;23:55:00;2017-08-03;00:00:00;;;;Los Angeles-Glendale WWRP; Monthly SMR ( MONNPDES ) report for August 2017;34,1372;-118,27422;Los Angeles River
EFF-001A;Total Dissolved Solids (TDS);;Daily Discharge;=;44942;lb/day;;;;2016-07-06;00:00:00;2016-07-31;00:00:00;;;;Los Angeles-Glendale WWRP; Monthly SMR ( MONNPDES ) report for July 2016;34,1372;-118,27422;Los Angeles River
RSW-LAGT650;Total Dissolved Solids (TDS);Standard Method (19th) 2540 C: Total Diss. Solids at 180 deg.;;=;536;mg/L;35,0;35,0;35,0;2017-08-01;08:30:00;2017-08-03;00:00:00;;;;Los Angeles-Glendale WWRP; Monthly SMR ( MONNPDES ) report for August 2017;34,1377;-118,27532;Los Angeles River
EFF-001A;Total Dissolved Solids (TDS);;Daily Discharge;=;29616;lb/day;;;;2017-07-07;00:00:00;2017-07-31;00:00:00;;;;Los Angeles-Glendale WWRP; Monthly SMR ( MONNPDES ) report for July 2017;34,1372;-118,27422;Los Angeles River
RSW-LAGT654(a);Total Dissolved Solids (TDS);Standard Method (19th) 2540 C: Total Diss. Solids at 180 deg.;;=;542;mg/L;35,0;35,0;35,0;2017-08-01;09:00:00;2017-08-04;00:00:00;;;;Los Angeles-Glendale WWRP; Monthly SMR ( MONNPDES ) report for August 2017;34,13;-118,27314;Los Angeles River
EFF-001A;Total Dissolved Solids (TDS);;Daily Discharge;=;24670;lb/day;;;;2021-07-07;00:00:00;2021-07-31;00:00:00;;;;Los Angeles-Glendale WWRP; Monthly SMR ( MONNPDES ) report for July 2021;34,1372;-118,27422;Los Angeles River
EFF-001A;Total Dissolved Solids (TDS);;Monthly Average (Mean);=;634;mg/L;35,0;;35,0;2017-08-31;00:00:00;2017-08-31;00:00:00;;;;Los Angeles-Glendale WWRP; Monthly SMR ( MONNPDES ) report for August 2017;34,1372;-118,27422;Los Angeles River
EFF-001A;Total Dissolved Solids (TDS);;Daily Discharge;=;24621;lb/day;;;;2023-07-07;00:00:00;2023-07-31;00:00:00;;;;Los Angeles-Glendale WWRP; Monthly SMR ( MONNPDES ) report for July 2023;34,1372;-118,27422;Los Angeles River
EFF-001A;Total Dissolved Solids (TDS);Standard Method (19th) 2540 C: Total Diss. Solids at 180 deg.;;=;656;mg/L;35,0;35,0;35,0;2017-09-05;23:55:00;2017-09-11;00:00:00;;;;Los Angeles-Glendale WWRP; Monthly SMR ( MONNPDES ) report for September 2017;34,1372;-118,27422;Los Angeles River
EFF-001A;Total Dissolved Solids (TDS);;Daily Discharge;=;26816;lb/day;;;;2025-07-07;00:00:00;2025-07-31;00:00:00;;;;Los Angeles-Glendale WWRP; Monthly SMR ( MONNPDES ) report for July 2025;34,1372;-118,27422;Los Angeles River
EFF-001A;Total Dissolved Solids (TDS);;Monthly Average (Mean);=;656;mg/L;35,0;;35,0;2017-09-30;00:00:00;2017-09-30;00:00:00;;;;Los Angeles-Glendale WWRP; Monthly SMR ( MONNPDES ) report for September 2017;34,1372;-118,27422;Los Angeles River
EFF-001A;Total Dissolved Solids (TDS);;Daily Discharge;=;27477;lb/day;;;;2022-07-08;00:00:00;2022-07-31;00:00:00;;;;Los Angeles-Glendale WWRP; Monthly SMR ( MONNPDES ) report for July 2022;34,1372;-118,27422;Los Angeles River
EFF-001A;Total Dissolved Solids (TDS);;Monthly Average (Mean);=;42834;lb/day;;;;2012-07-31;00:00:00;2012-07-31;00:00:00;;;;Los Angeles-Glendale WWRP; Monthly SMR ( MONNPDES ) report for July 2012;34,1372;-118,27422;Los Angeles River
EFF-001A;Total Dissolved Solids (TDS);Standard Method (19th) 2540 C: Total Diss. Solids at 180 deg.;;=;596;mg/L;35,0;35,0;35,0;2017-10-03;23:55:00;2017-10-04;00:00:00;;;;Los Angeles-Glendale WWRP; Monthly SMR ( MONNPDES ) report for October 2017;34,1372;-118,27422;Los Angeles River
EFF-001A;Total Dissolved Solids (TDS);;Monthly Average (Mean);=;50598;lb/day;;;;2013-07-31;00:00:00;2013-07-31;00:00:00;;;;Los Angeles-Glendale WWRP; Monthly SMR ( MONNPDES ) report for July 2013;34,1372;-118,27422;Los Angeles River
EFF-001A;Total Dissolved Solids (TDS);;Monthly Average (Mean);=;596;mg/L;35,0;;35,0;2017-10-31;00:00:00;2017-10-31;00:00:00;;;;Los Angeles-Glendale WWRP; Monthly SMR ( MONNPDES ) report for October 2017;34,1372;-118,27422;Los Angeles River
EFF-001A;Total Dissolved Solids (TDS);Standard Method (19th) 2540 C: Total Diss. Solids at 180 deg.;;=;634;mg/L;35,0;35,0;35,0;2017-11-05;23:55:00;2017-11-06;00:00:00;;;;Los Angeles-Glendale WWRP; Monthly SMR ( MONNPDES ) report for November 2017;34,1372;-118,27422;Los Angeles River
EFF-001A;Total Dissolved Solids (TDS);;Monthly Average (Mean);=;45176;lb/day;;;;2014-07-31;00:00:00;2014-07-31;00:00:00;;;;Los Angeles-Glendale WWRP; Monthly SMR ( MONNPDES ) report for July 2014;34,1372;-118,27422;Los Angeles River
RSW-LAGT650;Total Dissolved Solids (TDS);Standard Method (19th) 2540 C: Total Diss. Solids at 180 deg.;;=;570;mg/L;35,0;35,0;35,0;2017-11-07;08:30:00;2017-11-08;00:00:00;;;;Los Angeles-Glendale WWRP; Monthly SMR ( MONNPDES ) report for November 2017;34,1377;-118,27532;Los Angeles River
EFF-001A;Total Dissolved Solids (TDS);;Monthly Average (Mean);=;55271;lb/day;;;;2015-07-31;00:00:00;2015-07-31;00:00:00;;;;Los Angeles-Glendale WWRP; Monthly SMR ( MONNPDES ) report for July 2015;34,1372;-118,27422;Los Angeles River
RSW-LAGT654(a);Total Dissolved Solids (TDS);Standard Method (19th) 2540 C: Total Diss. Solids at 180 deg.;;=;594;mg/L;35,0;35,0;35,0;2017-11-07;09:00:00;2017-11-08;00:00:00;;;;Los Angeles-Glendale WWRP; Monthly SMR ( MONNPDES ) report for November 2017;34,13;-118,27314;Los Angeles River
EFF-001A;Total Dissolved Solids (TDS);;Monthly Average (Mean);=;44942;lb/day;;;;2016-07-31;00:00:00;2016-07-31;00:00:00;;;;Los Angeles-Glendale WWRP; Monthly SMR ( MONNPDES ) report for July 2016;34,1372;-118,27422;Los Angeles River
EFF-001A;Total Dissolved Solids (TDS);;Monthly Average (Mean);=;29616;lb/day;;;;2017-07-31;00:00:00;2017-07-31;00:00:00;;;;Los Angeles-Glendale WWRP; Monthly SMR ( MONNPDES ) report for July 2017;34,1372;-118,27422;Los Angeles River
EFF-001A;Total Dissolved Solids (TDS);;Monthly Average (Mean);=;634;mg/L;35,0;;35,0;2017-11-30;00:00:00;2017-11-30;00:00:00;;;;Los Angeles-Glendale WWRP; Monthly SMR ( MONNPDES ) report for November 2017;34,1372;-118,27422;Los Angeles River
EFF-001A;Total Dissolved Solids (TDS);Standard Method (19th) 2540 C: Total Diss. Solids at 180 deg.;;=;598;mg/L;35,0;35,0;35,0;2017-12-02;23:55:00;2017-12-05;00:00:00;;;;Los Angeles-Glendale WWRP; Monthly SMR ( MONNPDES ) report for December 2017;34,1372;-118,27422;Los Angeles River
EFF-001A;Total Dissolved Solids (TDS);;Monthly Average (Mean);=;50357;lb/day;;;;2018-07-31;00:00:00;2018-07-31;00:00:00;;;;Los Angeles-Glendale WWRP; Monthly SMR ( MONNPDES ) report for July 2018;34,1372;-118,27422;Los Angeles River
EFF-001A;Total Dissolved Solids (TDS);;Monthly Average (Mean);=;598;mg/L;35,0;;35,0;2017-12-31;00:00:00;2017-12-31;00:00:00;;;;Los Angeles-Glendale WWRP; Monthly SMR ( MONNPDES ) report for December 2017;34,1372;-118,27422;Los Angeles River
EFF-001A;Total Dissolved Solids (TDS);;Monthly Average (Mean);=;36650;lb/day;;;;2019-07-31;00:00:00;2019-07-31;00:00:00;;;;Los Angeles-Glendale WWRP; Monthly SMR ( MONNPDES ) report for July 2019;34,1372;-118,27422;Los Angeles River
EFF-001A;Total Dissolved Solids (TDS);;Monthly Average (Mean);=;39407;lb/day;;;;2020-07-31;00:00:00;2020-07-31;00:00:00;;;;Los Angeles-Glendale WWRP; Monthly SMR ( MONNPDES ) report for July 2020;34,1372;-118,27422;Los Angeles River
EFF-001A;Total Dissolved Solids (TDS);Standard Method (19th) 2540 C: Total Diss. Solids at 180 deg.;;=;632;mg/L;35,0;35,0;35,0;2018-01-03;23:55:00;2018-01-09;00:00:00;;;;Los Angeles-Glendale WWRP; Monthly SMR ( MONNPDES ) report for January 2018;34,1372;-118,27422;Los Angeles River
EFF-001A;Total Dissolved Solids (TDS);;Monthly Average (Mean);=;632;mg/L;35,0;;35,0;2018-01-31;00:00:00;2018-01-31;00:00:00;;;;Los Angeles-Glendale WWRP; Monthly SMR ( MONNPDES ) report for January 2018;34,1372;-118,27422;Los Angeles River
EFF-001A;Total Dissolved Solids (TDS);;Monthly Average (Mean);=;24670;lb/day;;;;2021-07-31;00:00:00;2021-07-31;00:00:00;;;;Los Angeles-Glendale WWRP; Monthly SMR ( MONNPDES ) report for July 2021;34,1372;-118,27422;Los Angeles River
EFF-001A;Total Dissolved Solids (TDS);Standard Method (19th) 2540 C: Total Diss. Solids at 180 deg.;;=;618;mg/L;35,0;35,0;35,0;2018-02-01;23:55:00;2018-02-05;00:00:00;;;;Los Angeles-Glendale WWRP; Monthly SMR ( MONNPDES ) report for February 2018;34,1372;-118,27422;Los Angeles River
EFF-001A;Total Dissolved Solids (TDS);;Monthly Average (Mean);=;27477;lb/day;;;;2022-07-31;00:00:00;2022-07-31;00:00:00;;;;Los Angeles-Glendale WWRP; Monthly SMR ( MONNPDES ) report for July 2022;34,1372;-118,27422;Los Angeles River
RSW-LAGT650;Total Dissolved Solids (TDS);Standard Method (19th) 2540 C: Total Diss. Solids at 180 deg.;;=;610;mg/L;35,0;35,0;35,0;2018-02-06;08:30:00;2018-02-07;00:00:00;;;;Los Angeles-Glendale WWRP; Monthly SMR ( MONNPDES ) report for February 2018;34,1377;-118,27532;Los Angeles River
EFF-001A;Total Dissolved Solids (TDS);;Monthly Average (Mean);=;24621;lb/day;;;;2023-07-31;00:00:00;2023-07-31;00:00:00;;;;Los Angeles-Glendale WWRP; Monthly SMR ( MONNPDES ) report for July 2023;34,1372;-118,27422;Los Angeles River
RSW-LAGT654(a);Total Dissolved Solids (TDS);Standard Method (19th) 2540 C: Total Diss. Solids at 180 deg.;;=;602;mg/L;35,0;35,0;35,0;2018-02-06;09:30:00;2018-02-07;00:00:00;;;;Los Angeles-Glendale WWRP; Monthly SMR ( MONNPDES ) report for February 2018;34,13;-118,27314;Los Angeles River
EFF-001A;Total Dissolved Solids (TDS);;Monthly Average (Mean);=;27628;lb/day;;;;2024-07-31;00:00:00;2024-07-31;00:00:00;;;;Los Angeles-Glendale WWRP; Monthly SMR ( MONNPDES ) report for July 2024;34,1372;-118,27422;Los Angeles River
EFF-001A;Total Dissolved Solids (TDS);;Monthly Average (Mean);=;26816;lb/day;;;;2025-07-31;00:00:00;2025-07-31;00:00:00;;;;Los Angeles-Glendale WWRP; Monthly SMR ( MONNPDES ) report for July 2025;34,1372;-118,27422;Los Angeles River
EFF-001A;Total Dissolved Solids (TDS);;Monthly Average (Mean);=;618;mg/L;35,0;;35,0;2018-02-28;00:00:00;2018-02-28;00:00:00;;;;Los Angeles-Glendale WWRP; Monthly SMR ( MONNPDES ) report for February 2018;34,1372;-118,27422;Los Angeles River
EFF-001A;Total Dissolved Solids (TDS);Standard Method (19th) 2540 C: Total Diss. Solids at 180 deg.;;=;664;mg/L;35,0;35,0;35,0;2018-03-04;23:55:00;2018-03-06;00:00:00;;;;Los Angeles-Glendale WWRP; Monthly SMR ( MONNPDES ) report for March 2018;34,1372;-118,27422;Los Angeles River
EFF-001A;Total Dissolved Solids (TDS);;Daily Discharge;=;54044;lb/day;;;;2012-08-01;00:00:00;2012-08-31;00:00:00;;;;Los Angeles-Glendale WWRP; Monthly SMR ( MONNPDES ) report for August 2012;34,1372;-118,27422;Los Angeles River
EFF-001A;Total Dissolved Solids (TDS);;Monthly Average (Mean);=;664;mg/L;35,0;;35,0;2018-03-31;00:00:00;2018-03-31;00:00:00;;;;Los Angeles-Glendale WWRP; Monthly SMR ( MONNPDES ) report for March 2018;34,1372;-118,27422;Los Angeles River
EFF-001A;Total Dissolved Solids (TDS);;Daily Discharge;=;47813;lb/day;;;;2014-08-01;00:00:00;2014-08-31;00:00:00;;;;Los Angeles-Glendale WWRP; Monthly SMR ( MONNPDES ) report for August 2014;34,1372;-118,27422;Los Angeles River
EFF-001A;Total Dissolved Solids (TDS);Standard Method (19th) 2540 C: Total Diss. Solids at 180 deg.;;=;658;mg/L;35,0;35,0;35,0;2018-04-02;23:55:00;2018-04-05;00:00:00;;;;Los Angeles-Glendale WWRP; Monthly SMR ( MONNPDES ) report for April 2018;34,1372;-118,27422;Los Angeles River
EFF-001A;Total Dissolved Solids (TDS);;Daily Discharge;=;68978;lb/day;;;;2015-08-01;00:00:00;2015-08-31;00:00:00;;;;Los Angeles-Glendale WWRP; Monthly SMR ( MONNPDES ) report for August 2015;34,1372;-118,27422;Los Angeles River
EFF-001A;Total Dissolved Solids (TDS);;Monthly Average (Mean);=;658;mg/L;35,0;;35,0;2018-04-30;00:00:00;2018-04-30;00:00:00;;;;Los Angeles-Glendale WWRP; Monthly SMR ( MONNPDES ) report for April 2018;34,1372;-118,27422;Los Angeles River
EFF-001A;Total Dissolved Solids (TDS);;Daily Discharge;=;36598;lb/day;;;;2017-08-01;00:00:00;2017-08-31;00:00:00;;;;Los Angeles-Glendale WWRP; Monthly SMR ( MONNPDES ) report for August 2017;34,1372;-118,27422;Los Angeles River
RSW-LAGT650;Total Dissolved Solids (TDS);Standard Method (19th) 2540 C: Total Diss. Solids at 180 deg.;;=;618;mg/L;35,0;35,0;35,0;2018-05-01;08:00:00;2018-05-07;00:00:00;;;;Los Angeles-Glendale WWRP; Monthly SMR ( MONNPDES ) report for May 2018;34,1377;-118,27532;Los Angeles River
EFF-001A;Total Dissolved Solids (TDS);;Daily Discharge;=;37386;lb/day;;;;2021-08-01;00:00:00;2021-08-31;00:00:00;;;;Los Angeles-Glendale WWRP; Monthly SMR ( MONNPDES ) report for August 2021;34,1372;-118,27422;Los Angeles River
RSW-LAGT654(a);Total Dissolved Solids (TDS);Standard Method (19th) 2540 C: Total Diss. Solids at 180 deg.;;=;628;mg/L;35,0;35,0;35,0;2018-05-01;08:30:00;2018-05-01;00:00:00;;;;Los Angeles-Glendale WWRP; Monthly SMR ( MONNPDES ) report for May 2018;34,13;-118,27314;Los Angeles River
EFF-001A;Total Dissolved Solids (TDS);;Daily Discharge;=;30074;lb/day;;;;2022-08-01;00:00:00;2022-08-31;00:00:00;;;;Los Angeles-Glendale WWRP; Monthly SMR ( MONNPDES ) report for August 2022;34,1372;-118,27422;Los Angeles River
EFF-001A;Total Dissolved Solids (TDS);Standard Method (19th) 2540 C: Total Diss. Solids at 180 deg.;;=;644;mg/L;35,0;35,0;35,0;2018-05-09;23:55:00;2018-05-14;00:00:00;;;;Los Angeles-Glendale WWRP; Monthly SMR ( MONNPDES ) report for May 2018;34,1372;-118,27422;Los Angeles River
EFF-001A;Total Dissolved Solids (TDS);;Daily Discharge;=;26030;lb/day;;;;2023-08-01;00:00:00;2023-08-31;00:00:00;;;;Los Angeles-Glendale WWRP; Monthly SMR ( MONNPDES ) report for August 2023;34,1372;-118,27422;Los Angeles River
EFF-001A;Total Dissolved Solids (TDS);;Monthly Average (Mean);=;644;mg/L;35,0;;35,0;2018-05-31;00:00:00;2018-05-31;00:00:00;;;;Los Angeles-Glendale WWRP; Monthly SMR ( MONNPDES ) report for May 2018;34,1372;-118,27422;Los Angeles River
EFF-001A;Total Dissolved Solids (TDS);;Daily Discharge;=;44705;lb/day;;;;2018-08-02;00:00:00;2018-08-31;00:00:00;;;;Los Angeles-Glendale WWRP; Monthly SMR ( MONNPDES ) report for August 2018;34,1372;-118,27422;Los Angeles River
EFF-001A;Total Dissolved Solids (TDS);Standard Method (19th) 2540 C: Total Diss. Solids at 180 deg.;;=;818;mg/L;35,0;35,0;35,0;2018-06-04;23:55:00;2018-06-07;00:00:00;;;;Los Angeles-Glendale WWRP; Monthly SMR ( MONNPDES ) report for June 2018;34,1372;-118,27422;Los Angeles River
EFF-001A;Total Dissolved Solids (TDS);;Daily Discharge;=;48439;lb/day;;;;2016-08-03;00:00:00;2016-08-31;00:00:00;;;;Los Angeles-Glendale WWRP; Monthly SMR ( MONNPDES ) report for August 2016;34,1372;-118,27422;Los Angeles River
EFF-001A;Total Dissolved Solids (TDS);;Monthly Average (Mean);=;818;mg/L;35,0;;35,0;2018-06-30;00:00:00;2018-06-30;00:00:00;;;;Los Angeles-Glendale WWRP; Monthly SMR ( MONNPDES ) report for June 2018;34,1372;-118,27422;Los Angeles River
EFF-001A;Total Dissolved Solids (TDS);;Daily Discharge;=;38785;lb/day;;;;2020-08-04;00:00:00;2020-08-31;00:00:00;;;;Los Angeles-Glendale WWRP; Monthly SMR ( MONNPDES ) report for August 2020;34,1372;-118,27422;Los Angeles River
EFF-001A;Total Dissolved Solids (TDS);Standard Method (19th) 2540 C: Total Diss. Solids at 180 deg.;;=;608;mg/L;35,0;35,0;35,0;2018-07-01;23:55:00;2018-07-05;00:00:00;;;;Los Angeles-Glendale WWRP; Monthly SMR ( MONNPDES ) report for July 2018;34,1372;-118,27422;Los Angeles River
EFF-001A;Total Dissolved Solids (TDS);;Daily Discharge;=;33190;lb/day;;;;2024-08-04;00:00:00;2024-08-31;00:00:00;;;;Los Angeles-Glendale WWRP; Monthly SMR ( MONNPDES ) report for August 2024;34,1372;-118,27422;Los Angeles River
EFF-001A;Total Dissolved Solids (TDS);;Monthly Average (Mean);=;608;mg/L;35,0;;35,0;2018-07-31;00:00:00;2018-07-31;00:00:00;;;;Los Angeles-Glendale WWRP; Monthly SMR ( MONNPDES ) report for July 2018;34,1372;-118,27422;Los Angeles River
EFF-001A;Total Dissolved Solids (TDS);;Daily Discharge;=;44298;lb/day;;;;2013-08-05;00:00:00;2013-08-31;00:00:00;;;;Los Angeles-Glendale WWRP; Monthly SMR ( MONNPDES ) report for August 2013;34,1372;-118,27422;Los Angeles River
EFF-001A;Total Dissolved Solids (TDS);Standard Method (19th) 2540 C: Total Diss. Solids at 180 deg.;;=;732;mg/L;35,0;35,0;35,0;2018-08-02;23:55:00;2018-08-06;00:00:00;;;;Los Angeles-Glendale WWRP; Monthly SMR ( MONNPDES ) report for August 2018;34,1372;-118,27422;Los Angeles River
EFF-001A;Total Dissolved Solids (TDS);;Daily Discharge;=;32554;lb/day;;;;2019-08-05;00:00:00;2019-08-31;00:00:00;;;;Los Angeles-Glendale WWRP; Monthly SMR ( MONNPDES ) report for August 2019;34,1372;-118,27422;Los Angeles River
RSW-LAGT650;Total Dissolved Solids (TDS);Standard Method (19th) 2540 C: Total Diss. Solids at 180 deg.;;=;498;mg/L;35,0;35,0;35,0;2018-08-07;07:00:00;2018-08-08;00:00:00;;;;Los Angeles-Glendale WWRP; Monthly SMR ( MONNPDES ) report for August 2018;34,1377;-118,27532;Los Angeles River
EFF-001A;Total Dissolved Solids (TDS);;Daily Discharge;=;16652;lb/day;;;;2025-08-05;00:00:00;2025-08-31;00:00:00;;;;Los Angeles-Glendale WWRP; Monthly SMR ( MONNPDES ) report for August 2025;34,1372;-118,27422;Los Angeles River
EFF-001A;Total Dissolved Solids (TDS);;Monthly Average (Mean);=;54044;lb/day;;;;2012-08-31;00:00:00;2012-08-31;00:00:00;;;;Los Angeles-Glendale WWRP; Monthly SMR ( MONNPDES ) report for August 2012;34,1372;-118,27422;Los Angeles River
RSW-LAGT654(a);Total Dissolved Solids (TDS);Standard Method (19th) 2540 C: Total Diss. Solids at 180 deg.;;=;500;mg/L;35,0;35,0;35,0;2018-08-07;07:30:00;2018-08-08;00:00:00;;;;Los Angeles-Glendale WWRP; Monthly SMR ( MONNPDES ) report for August 2018;34,13;-118,27314;Los Angeles River
EFF-001A;Total Dissolved Solids (TDS);;Monthly Average (Mean);=;732;mg/L;35,0;;35,0;2018-08-31;00:00:00;2018-08-31;00:00:00;;;;Los Angeles-Glendale WWRP; Monthly SMR ( MONNPDES ) report for August 2018;34,1372;-118,27422;Los Angeles River
EFF-001A;Total Dissolved Solids (TDS);;Monthly Average (Mean);=;44298;lb/day;;;;2013-08-31;00:00:00;2013-08-31;00:00:00;;;;Los Angeles-Glendale WWRP; Monthly SMR ( MONNPDES ) report for August 2013;34,1372;-118,27422;Los Angeles River
EFF-001A;Total Dissolved Solids (TDS);;Monthly Average (Mean);=;47813;lb/day;;;;2014-08-31;00:00:00;2014-08-31;00:00:00;;;;Los Angeles-Glendale WWRP; Monthly SMR ( MONNPDES ) report for August 2014;34,1372;-118,27422;Los Angeles River
EFF-001A;Total Dissolved Solids (TDS);Standard Method (19th) 2540 C: Total Diss. Solids at 180 deg.;;=;722;mg/L;35,0;35,0;35,0;2018-09-01;23:55:00;2018-09-06;00:00:00;;;;Los Angeles-Glendale WWRP; Monthly SMR ( MONNPDES ) report for September 2018;34,1372;-118,27422;Los Angeles River
EFF-001A;Total Dissolved Solids (TDS);;Monthly Average (Mean);=;68978;lb/day;;;;2015-08-31;00:00:00;2015-08-31;00:00:00;;;;Los Angeles-Glendale WWRP; Monthly SMR ( MONNPDES ) report for August 2015;34,1372;-118,27422;Los Angeles River
EFF-001A;Total Dissolved Solids (TDS);;Monthly Average (Mean);=;722;mg/L;35,0;;35,0;2018-09-30;00:00:00;2018-09-30;00:00:00;;;;Los Angeles-Glendale WWRP; Monthly SMR ( MONNPDES ) report for September 2018;34,1372;-118,27422;Los Angeles River
EFF-001A;Total Dissolved Solids (TDS);;Monthly Average (Mean);=;48439;lb/day;;;;2016-08-31;00:00:00;2016-08-31;00:00:00;;;;Los Angeles-Glendale WWRP; Monthly SMR ( MONNPDES ) report for August 2016;34,1372;-118,27422;Los Angeles River
EFF-001A;Total Dissolved Solids (TDS);Standard Method (19th) 2540 C: Total Diss. Solids at 180 deg.;;=;720;mg/L;35,0;35,0;35,0;2018-10-02;23:55:00;2018-10-03;00:00:00;;;;Los Angeles-Glendale WWRP; Monthly SMR ( MONNPDES ) report for October 2018;34,1372;-118,27422;Los Angeles River
EFF-001A;Total Dissolved Solids (TDS);;Monthly Average (Mean);=;36598;lb/day;;;;2017-08-31;00:00:00;2017-08-31;00:00:00;;;;Los Angeles-Glendale WWRP; Monthly SMR ( MONNPDES ) report for August 2017;34,1372;-118,27422;Los Angeles River
EFF-001A;Total Dissolved Solids (TDS);;Monthly Average (Mean);=;720;mg/L;35,0;;35,0;2018-10-31;00:00:00;2018-10-31;00:00:00;;;;Los Angeles-Glendale WWRP; Monthly SMR ( MONNPDES ) report for October 2018;34,1372;-118,27422;Los Angeles River
EFF-001A;Total Dissolved Solids (TDS);Standard Method (19th) 2540 C: Total Diss. Solids at 180 deg.;;=;732;mg/L;35,0;35,0;35,0;2018-11-02;23:55:00;2018-11-06;00:00:00;;;;Los Angeles-Glendale WWRP; Monthly SMR ( MONNPDES ) report for November 2018;34,1372;-118,27422;Los Angeles River
EFF-001A;Total Dissolved Solids (TDS);;Monthly Average (Mean);=;44705;lb/day;;;;2018-08-31;00:00:00;2018-08-31;00:00:00;;;;Los Angeles-Glendale WWRP; Monthly SMR ( MONNPDES ) report for August 2018;34,1372;-118,27422;Los Angeles River
RSW-LAGT650;Total Dissolved Solids (TDS);Standard Method (19th) 2540 C: Total Diss. Solids at 180 deg.;;=;590;mg/L;35,0;35,0;35,0;2018-11-06;07:15:00;2018-11-06;00:00:00;;;;Los Angeles-Glendale WWRP; Monthly SMR ( MONNPDES ) report for November 2018;34,1377;-118,27532;Los Angeles River
EFF-001A;Total Dissolved Solids (TDS);;Monthly Average (Mean);=;32554;lb/day;;;;2019-08-31;00:00:00;2019-08-31;00:00:00;;;;Los Angeles-Glendale WWRP; Monthly SMR ( MONNPDES ) report for August 2019;34,1372;-118,27422;Los Angeles River
RSW-LAGT654(a);Total Dissolved Solids (TDS);Standard Method (19th) 2540 C: Total Diss. Solids at 180 deg.;;=;630;mg/L;35,0;35,0;35,0;2018-11-06;07:45:00;2018-11-06;00:00:00;;;;Los Angeles-Glendale WWRP; Monthly SMR ( MONNPDES ) report for November 2018;34,13;-118,27314;Los Angeles River
EFF-001A;Total Dissolved Solids (TDS);;Monthly Average (Mean);=;38785;lb/day;;;;2020-08-31;00:00:00;2020-08-31;00:00:00;;;;Los Angeles-Glendale WWRP; Monthly SMR ( MONNPDES ) report for August 2020;34,1372;-118,27422;Los Angeles River
EFF-001A;Total Dissolved Solids (TDS);;Monthly Average (Mean);=;732;mg/L;35,0;;35,0;2018-11-30;00:00:00;2018-11-30;00:00:00;;;;Los Angeles-Glendale WWRP; Monthly SMR ( MONNPDES ) report for November 2018;34,1372;-118,27422;Los Angeles River
EFF-001A;Total Dissolved Solids (TDS);;Monthly Average (Mean);=;37386;lb/day;;;;2021-08-31;00:00:00;2021-08-31;00:00:00;;;;Los Angeles-Glendale WWRP; Monthly SMR ( MONNPDES ) report for August 2021;34,1372;-118,27422;Los Angeles River
EFF-001A;Total Dissolved Solids (TDS);;Monthly Average (Mean);=;30074;lb/day;;;;2022-08-31;00:00:00;2022-08-31;00:00:00;;;;Los Angeles-Glendale WWRP; Monthly SMR ( MONNPDES ) report for August 2022;34,1372;-118,27422;Los Angeles River
EFF-001A;Total Dissolved Solids (TDS);Standard Method (19th) 2540 C: Total Diss. Solids at 180 deg.;;=;544;mg/L;35,0;35,0;35,0;2018-12-01;23:55:00;2018-12-06;00:00:00;;;;Los Angeles-Glendale WWRP; Monthly SMR ( MONNPDES ) report for December 2018;34,1372;-118,27422;Los Angeles River
EFF-001A;Total Dissolved Solids (TDS);;Monthly Average (Mean);=;26030;lb/day;;;;2023-08-31;00:00:00;2023-08-31;00:00:00;;;;Los Angeles-Glendale WWRP; Monthly SMR ( MONNPDES ) report for August 2023;34,1372;-118,27422;Los Angeles River
EFF-001A;Total Dissolved Solids (TDS);;Monthly Average (Mean);=;544;mg/L;35,0;;35,0;2018-12-31;00:00:00;2018-12-31;00:00:00;;;;Los Angeles-Glendale WWRP; Monthly SMR ( MONNPDES ) report for December 2018;34,1372;-118,27422;Los Angeles River
EFF-001A;Total Dissolved Solids (TDS);Standard Method (19th) 2540 C: Total Diss. Solids at 180 deg.;;=;702;mg/L;35,0;35,0;35,0;2019-01-03;23:55:00;2019-01-08;00:00:00;;;;Los Angeles-Glendale WWRP; Monthly SMR ( MONNPDES ) report for January 2019;34,1372;-118,27422;Los Angeles River
EFF-001A;Total Dissolved Solids (TDS);;Monthly Average (Mean);=;33190;lb/day;;;;2024-08-31;00:00:00;2024-08-31;00:00:00;;;;Los Angeles-Glendale WWRP; Monthly SMR ( MONNPDES ) report for August 2024;34,1372;-118,27422;Los Angeles River
EFF-001A;Total Dissolved Solids (TDS);;Monthly Average (Mean);=;16652;lb/day;;;;2025-08-31;00:00:00;2025-08-31;00:00:00;;;;Los Angeles-Glendale WWRP; Monthly SMR ( MONNPDES ) report for August 2025;34,1372;-118,27422;Los Angeles River
EFF-001A;Total Dissolved Solids (TDS);;Monthly Average (Mean);=;702;mg/L;35,0;;35,0;2019-01-31;00:00:00;2019-01-31;00:00:00;;;;Los Angeles-Glendale WWRP; Monthly SMR ( MONNPDES ) report for January 2019;34,1372;-118,27422;Los Angeles River
EFF-001A;Total Dissolved Solids (TDS);Standard Method (19th) 2540 C: Total Diss. Solids at 180 deg.;;=;652;mg/L;35,0;35,0;35,0;2019-02-02;23:55:00;2019-02-06;00:00:00;;;;Los Angeles-Glendale WWRP; Monthly SMR ( MONNPDES ) report for February 2019;34,1372;-118,27422;Los Angeles River
EFF-001A;Total Dissolved Solids (TDS);;Daily Discharge;=;61741;lb/day;;;;2015-09-01;00:00:00;2015-09-30;00:00:00;;;;Los Angeles-Glendale WWRP; Monthly SMR ( MONNPDES ) report for September 2015;34,1372;-118,27422;Los Angeles River
RSW-LAGT650;Total Dissolved Solids (TDS);Standard Method (19th) 2540 C: Total Diss. Solids at 180 deg.;;=;464;mg/L;35,0;35,0;35,0;2019-02-20;08:00:00;2019-02-26;00:00:00;;;;Los Angeles-Glendale WWRP; Monthly SMR ( MONNPDES ) report for February 2019;34,1377;-118,27532;Los Angeles River
EFF-001A;Total Dissolved Solids (TDS);;Daily Discharge;=;45302;lb/day;;;;2018-09-01;00:00:00;2018-09-30;00:00:00;;;;Los Angeles-Glendale WWRP; Monthly SMR ( MONNPDES ) report for September 2018;34,1372;-118,27422;Los Angeles River
RSW-LAGT654(a);Total Dissolved Solids (TDS);Standard Method (19th) 2540 C: Total Diss. Solids at 180 deg.;;=;482;mg/L;35,0;35,0;35,0;2019-02-20;09:00:00;2019-02-26;00:00:00;;;;Los Angeles-Glendale WWRP; Monthly SMR ( MONNPDES ) report for February 2019;34,13;-118,27314;Los Angeles River
EFF-001A;Total Dissolved Solids (TDS);;Daily Discharge;=;42635;lb/day;;;;2019-09-01;00:00:00;2019-09-30;00:00:00;;;;Los Angeles-Glendale WWRP; Monthly SMR ( MONNPDES ) report for September 2019;34,1372;-118,27422;Los Angeles River
EFF-001A;Total Dissolved Solids (TDS);;Monthly Average (Mean);=;652;mg/L;35,0;;35,0;2019-02-28;00:00:00;2019-02-28;00:00:00;;;;Los Angeles-Glendale WWRP; Monthly SMR ( MONNPDES ) report for February 2019;34,1372;-118,27422;Los Angeles River
EFF-001A;Total Dissolved Solids (TDS);;Daily Discharge;=;45739;lb/day;;;;2021-09-01;00:00:00;2021-09-30;00:00:00;;;;Los Angeles-Glendale WWRP; Monthly SMR ( MONNPDES ) report for September 2021;34,1372;-118,27422;Los Angeles River
EFF-001A;Total Dissolved Solids (TDS);Standard Method (19th) 2540 C: Total Diss. Solids at 180 deg.;;=;664;mg/L;35,0;35,0;35,0;2019-03-05;23:55:00;2019-03-06;00:00:00;;;;Los Angeles-Glendale WWRP; Monthly SMR ( MONNPDES ) report for March 2019;34,1372;-118,27422;Los Angeles River
EFF-001A;Total Dissolved Solids (TDS);;Daily Discharge;=;36641;lb/day;;;;2024-09-01;00:00:00;2024-09-30;00:00:00;;;;Los Angeles-Glendale WWRP; Monthly SMR ( MONNPDES ) report for September 2024;34,1372;-118,27422;Los Angeles River
EFF-001A;Total Dissolved Solids (TDS);;Monthly Average (Mean);=;664;mg/L;35,0;;35,0;2019-03-31;00:00:00;2019-03-31;00:00:00;;;;Los Angeles-Glendale WWRP; Monthly SMR ( MONNPDES ) report for March 2019;34,1372;-118,27422;Los Angeles River
EFF-001A;Total Dissolved Solids (TDS);;Daily Discharge;=;55236;lb/day;;;;2016-09-02;00:00:00;2016-09-30;00:00:00;;;;Los Angeles-Glendale WWRP; Monthly SMR ( MONNPDES ) report for September 2016;34,1372;-118,27422;Los Angeles River
EFF-001A;Total Dissolved Solids (TDS);Standard Method (19th) 2540 C: Total Diss. Solids at 180 deg.;;=;636;mg/L;35,0;35,0;35,0;2019-04-03;23:55:00;2019-04-09;00:00:00;;;;Los Angeles-Glendale WWRP; Monthly SMR ( MONNPDES ) report for April 2019;34,1372;-118,27422;Los Angeles River
EFF-001A;Total Dissolved Solids (TDS);;Daily Discharge;=;64381;lb/day;;;;2020-09-02;00:00:00;2020-09-30;00:00:00;;;;Los Angeles-Glendale WWRP; Monthly SMR ( MONNPDES ) report for September 2020;34,1372;-118,27422;Los Angeles River
EFF-001A;Total Dissolved Solids (TDS);;Monthly Average (Mean);=;636;mg/L;35,0;;35,0;2019-04-30;00:00:00;2019-04-30;00:00:00;;;;Los Angeles-Glendale WWRP; Monthly SMR ( MONNPDES ) report for April 2019;34,1372;-118,27422;Los Angeles River
EFF-001A;Total Dissolved Solids (TDS);;Daily Discharge;=;55880;lb/day;;;;2014-09-03;00:00:00;2014-09-30;00:00:00;;;;Los Angeles-Glendale WWRP; Monthly SMR ( MONNPDES ) report for September 2014;34,1372;-118,27422;Los Angeles River
EFF-001A;Total Dissolved Solids (TDS);Standard Method (19th) 2540 C: Total Diss. Solids at 180 deg.;;=;642;mg/L;35,0;35,0;35,0;2019-05-01;23:55:00;2019-05-06;00:00:00;;;;Los Angeles-Glendale WWRP; Monthly SMR ( MONNPDES ) report for May 2019;34,1372;-118,27422;Los Angeles River
EFF-001A;Total Dissolved Solids (TDS);;Daily Discharge;=;35606;lb/day;;;;2022-09-04;00:00:00;2022-09-30;00:00:00;;;;Los Angeles-Glendale WWRP; Monthly SMR ( MONNPDES ) report for September 2022;34,1372;-118,27422;Los Angeles River
RSW-LAGT650;Total Dissolved Solids (TDS);Standard Method (19th) 2540 C: Total Diss. Solids at 180 deg.;;=;596;mg/L;35,0;35,0;35,0;2019-05-07;07:30:00;2019-05-10;00:00:00;;;;Los Angeles-Glendale WWRP; Monthly SMR ( MONNPDES ) report for May 2019;34,1377;-118,27532;Los Angeles River
EFF-001A;Total Dissolved Solids (TDS);;Daily Discharge;=;31946;lb/day;;;;2023-09-04;00:00:00;2023-09-30;00:00:00;;;;Los Angeles-Glendale WWRP; Monthly SMR ( MONNPDES ) report for September 2023;34,1372;-118,27422;Los Angeles River
RSW-LAGT654(a);Total Dissolved Solids (TDS);Standard Method (19th) 2540 C: Total Diss. Solids at 180 deg.;;=;636;mg/L;35,0;35,0;35,0;2019-05-07;08:00:00;2019-05-10;00:00:00;;;;Los Angeles-Glendale WWRP; Monthly SMR ( MONNPDES ) report for May 2019;34,13;-118,27314;Los Angeles River
EFF-001A;Total Dissolved Solids (TDS);;Daily Discharge;=;49328;lb/day;;;;2012-09-05;00:00:00;2012-09-30;00:00:00;;;;Los Angeles-Glendale WWRP; Monthly SMR ( MONNPDES ) report for September 2012;34,1372;-118,27422;Los Angeles River
EFF-001A;Total Dissolved Solids (TDS);;Monthly Average (Mean);=;642;mg/L;35,0;;35,0;2019-05-31;00:00:00;2019-05-31;00:00:00;;;;Los Angeles-Glendale WWRP; Monthly SMR ( MONNPDES ) report for May 2019;34,1372;-118,27422;Los Angeles River
EFF-001A;Total Dissolved Solids (TDS);;Daily Discharge;=;46722;lb/day;;;;2013-09-05;00:00:00;2013-09-30;00:00:00;;;;Los Angeles-Glendale WWRP; Monthly SMR ( MONNPDES ) report for September 2013;34,1372;-118,27422;Los Angeles River
EFF-001A;Total Dissolved Solids (TDS);Standard Method (19th) 2540 C: Total Diss. Solids at 180 deg.;;=;614;mg/L;35,0;35,0;35,0;2019-06-02;23:55:00;2019-06-03;00:00:00;;;;Los Angeles-Glendale WWRP; Monthly SMR ( MONNPDES ) report for June 2019;34,1372;-118,27422;Los Angeles River
EFF-001A;Total Dissolved Solids (TDS);;Daily Discharge;=;38965;lb/day;;;;2017-09-05;00:00:00;2017-09-30;00:00:00;;;;Los Angeles-Glendale WWRP; Monthly SMR ( MONNPDES ) report for September 2017;34,1372;-118,27422;Los Angeles River
EFF-001A;Total Dissolved Solids (TDS);;Monthly Average (Mean);=;614;mg/L;35,0;;35,0;2019-06-30;00:00:00;2019-06-30;00:00:00;;;;Los Angeles-Glendale WWRP; Monthly SMR ( MONNPDES ) report for June 2019;34,1372;-118,27422;Los Angeles River
EFF-001A;Total Dissolved Solids (TDS);;Daily Discharge;=;32355;lb/day;;;;2025-09-07;00:00:00;2025-09-30;00:00:00;;;;Los Angeles-Glendale WWRP; Monthly SMR ( MONNPDES ) report for September 2025;34,1372;-118,27422;Los Angeles River
EFF-001A;Total Dissolved Solids (TDS);Standard Method (19th) 2540 C: Total Diss. Solids at 180 deg.;;=;592;mg/L;35,0;35,0;35,0;2019-07-01;23:55:00;2019-07-02;00:00:00;;;;Los Angeles-Glendale WWRP; Monthly SMR ( MONNPDES ) report for July 2019;34,1372;-118,27422;Los Angeles River
EFF-001A;Total Dissolved Solids (TDS);;Monthly Average (Mean);=;49328;lb/day;;;;2012-09-30;00:00:00;2012-09-30;00:00:00;;;;Los Angeles-Glendale WWRP; Monthly SMR ( MONNPDES ) report for September 2012;34,1372;-118,27422;Los Angeles River
EFF-001A;Total Dissolved Solids (TDS);;Monthly Average (Mean);=;46722;lb/day;;;;2013-09-30;00:00:00;2013-09-30;00:00:00;;;;Los Angeles-Glendale WWRP; Monthly SMR ( MONNPDES ) report for September 2013;34,1372;-118,27422;Los Angeles River
EFF-001A;Total Dissolved Solids (TDS);;Monthly Average (Mean);=;592;mg/L;35,0;;35,0;2019-07-31;00:00:00;2019-07-31;00:00:00;;;;Los Angeles-Glendale WWRP; Monthly SMR ( MONNPDES ) report for July 2019;34,1372;-118,27422;Los Angeles River
EFF-001A;Total Dissolved Solids (TDS);Standard Method (19th) 2540 C: Total Diss. Solids at 180 deg.;;=;608;mg/L;35,0;35,0;35,0;2019-08-05;23:55:00;2019-08-06;00:00:00;;;;Los Angeles-Glendale WWRP; Monthly SMR ( MONNPDES ) report for August 2019;34,1372;-118,27422;Los Angeles River
EFF-001A;Total Dissolved Solids (TDS);;Monthly Average (Mean);=;55880;lb/day;;;;2014-09-30;00:00:00;2014-09-30;00:00:00;;;;Los Angeles-Glendale WWRP; Monthly SMR ( MONNPDES ) report for September 2014;34,1372;-118,27422;Los Angeles River
EFF-001A;Total Dissolved Solids (TDS);;Monthly Average (Mean);=;61741;lb/day;;;;2015-09-30;00:00:00;2015-09-30;00:00:00;;;;Los Angeles-Glendale WWRP; Monthly SMR ( MONNPDES ) report for September 2015;34,1372;-118,27422;Los Angeles River
RSW-LAGT650;Total Dissolved Solids (TDS);Standard Method (19th) 2540 C: Total Diss. Solids at 180 deg.;;=;562;mg/L;35,0;35,0;35,0;2019-08-13;07:50:00;2019-08-14;00:00:00;;;;Los Angeles-Glendale WWRP; Monthly SMR ( MONNPDES ) report for August 2019;34,1377;-118,27532;Los Angeles River
EFF-001A;Total Dissolved Solids (TDS);;Monthly Average (Mean);=;55236;lb/day;;;;2016-09-30;00:00:00;2016-09-30;00:00:00;;;;Los Angeles-Glendale WWRP; Monthly SMR ( MONNPDES ) report for September 2016;34,1372;-118,27422;Los Angeles River
RSW-LAGT654(a);Total Dissolved Solids (TDS);Standard Method (19th) 2540 C: Total Diss. Solids at 180 deg.;;=;564;mg/L;35,0;35,0;35,0;2019-08-13;08:20:00;2019-08-14;00:00:00;;;;Los Angeles-Glendale WWRP; Monthly SMR ( MONNPDES ) report for August 2019;34,13;-118,27314;Los Angeles River
EFF-001A;Total Dissolved Solids (TDS);;Monthly Average (Mean);=;608;mg/L;35,0;;35,0;2019-08-31;00:00:00;2019-08-31;00:00:00;;;;Los Angeles-Glendale WWRP; Monthly SMR ( MONNPDES ) report for August 2019;34,1372;-118,27422;Los Angeles River
EFF-001A;Total Dissolved Solids (TDS);;Monthly Average (Mean);=;38965;lb/day;;;;2017-09-30;00:00:00;2017-09-30;00:00:00;;;;Los Angeles-Glendale WWRP; Monthly SMR ( MONNPDES ) report for September 2017;34,1372;-118,27422;Los Angeles River
EFF-001A;Total Dissolved Solids (TDS);;Monthly Average (Mean);=;45302;lb/day;;;;2018-09-30;00:00:00;2018-09-30;00:00:00;;;;Los Angeles-Glendale WWRP; Monthly SMR ( MONNPDES ) report for September 2018;34,1372;-118,27422;Los Angeles River
EFF-001A;Total Dissolved Solids (TDS);Standard Method (19th) 2540 C: Total Diss. Solids at 180 deg.;;=;614;mg/L;35,0;35,0;35,0;2019-09-01;23:55:00;2019-09-03;00:00:00;;;;Los Angeles-Glendale WWRP; Monthly SMR ( MONNPDES ) report for September 2019;34,1372;-118,27422;Los Angeles River
EFF-001A;Total Dissolved Solids (TDS);;Monthly Average (Mean);=;42635;lb/day;;;;2019-09-30;00:00:00;2019-09-30;00:00:00;;;;Los Angeles-Glendale WWRP; Monthly SMR ( MONNPDES ) report for September 2019;34,1372;-118,27422;Los Angeles River
EFF-001A;Total Dissolved Solids (TDS);;Monthly Average (Mean);=;614;mg/L;35,0;;35,0;2019-09-30;00:00:00;2019-09-30;00:00:00;;;;Los Angeles-Glendale WWRP; Monthly SMR ( MONNPDES ) report for September 2019;34,1372;-118,27422;Los Angeles River
EFF-001A;Total Dissolved Solids (TDS);;Monthly Average (Mean);=;64381;lb/day;;;;2020-09-30;00:00:00;2020-09-30;00:00:00;;;;Los Angeles-Glendale WWRP; Monthly SMR ( MONNPDES ) report for September 2020;34,1372;-118,27422;Los Angeles River
EFF-001A;Total Dissolved Solids (TDS);Standard Method (19th) 2540 C: Total Diss. Solids at 180 deg.;;=;644;mg/L;35,0;35,0;35,0;2019-10-01;23:55:00;2019-10-03;00:00:00;;;;Los Angeles-Glendale WWRP; Monthly SMR ( MONNPDES ) report for October 2019;34,1372;-118,27422;Los Angeles River
EFF-001A;Total Dissolved Solids (TDS);;Monthly Average (Mean);=;644;mg/L;35,0;;35,0;2019-10-31;00:00:00;2019-10-31;00:00:00;;;;Los Angeles-Glendale WWRP; Monthly SMR ( MONNPDES ) report for October 2019;34,1372;-118,27422;Los Angeles River
EFF-001A;Total Dissolved Solids (TDS);;Monthly Average (Mean);=;45739;lb/day;;;;2021-09-30;00:00:00;2021-09-30;00:00:00;;;;Los Angeles-Glendale WWRP; Monthly SMR ( MONNPDES ) report for September 2021;34,1372;-118,27422;Los Angeles River
EFF-001A;Total Dissolved Solids (TDS);;Monthly Average (Mean);=;35606;lb/day;;;;2022-09-30;00:00:00;2022-09-30;00:00:00;;;;Los Angeles-Glendale WWRP; Monthly SMR ( MONNPDES ) report for September 2022;34,1372;-118,27422;Los Angeles River
RSW-LAGT650;Total Dissolved Solids (TDS);Standard Method (19th) 2540 C: Total Diss. Solids at 180 deg.;;=;614;mg/L;35,0;35,0;35,0;2019-11-05;08:30:00;2019-11-06;00:00:00;;;;Los Angeles-Glendale WWRP; Monthly SMR ( MONNPDES ) report for November 2019;34,1377;-118,27532;Los Angeles River
EFF-001A;Total Dissolved Solids (TDS);;Monthly Average (Mean);=;31946;lb/day;;;;2023-09-30;00:00:00;2023-09-30;00:00:00;;;;Los Angeles-Glendale WWRP; Monthly SMR ( MONNPDES ) report for September 2023;34,1372;-118,27422;Los Angeles River
RSW-LAGT654(a);Total Dissolved Solids (TDS);Standard Method (19th) 2540 C: Total Diss. Solids at 180 deg.;;=;632;mg/L;35,0;35,0;35,0;2019-11-05;08:50:00;2019-11-06;00:00:00;;;;Los Angeles-Glendale WWRP; Monthly SMR ( MONNPDES ) report for November 2019;34,13;-118,27314;Los Angeles River
EFF-001A;Total Dissolved Solids (TDS);Standard Method (19th) 2540 C: Total Diss. Solids at 180 deg.;;=;618;mg/L;35,0;35,0;35,0;2019-11-07;23:55:00;2019-11-08;00:00:00;;;;Los Angeles-Glendale WWRP; Monthly SMR ( MONNPDES ) report for November 2019;34,1372;-118,27422;Los Angeles River
EFF-001A;Total Dissolved Solids (TDS);;Monthly Average (Mean);=;36641;lb/day;;;;2024-09-30;00:00:00;2024-09-30;00:00:00;;;;Los Angeles-Glendale WWRP; Monthly SMR ( MONNPDES ) report for September 2024;34,1372;-118,27422;Los Angeles River
EFF-001A;Total Dissolved Solids (TDS);;Monthly Average (Mean);=;618;mg/L;35,0;;35,0;2019-11-30;00:00:00;2019-11-30;00:00:00;;;;Los Angeles-Glendale WWRP; Monthly SMR ( MONNPDES ) report for November 2019;34,1372;-118,27422;Los Angeles River
EFF-001A;Total Dissolved Solids (TDS);;Monthly Average (Mean);=;32355;lb/day;;;;2025-09-30;00:00:00;2025-09-30;00:00:00;;;;Los Angeles-Glendale WWRP; Monthly SMR ( MONNPDES ) report for September 2025;34,1372;-118,27422;Los Angeles River
EFF-001A;Total Dissolved Solids (TDS);Standard Method (19th) 2540 C: Total Diss. Solids at 180 deg.;;=;642;mg/L;35,0;35,0;35,0;2019-12-06;23:55:00;2019-12-09;00:00:00;;;;Los Angeles-Glendale WWRP; Monthly SMR ( MONNPDES ) report for December 2019;34,1372;-118,27422;Los Angeles River
EFF-001A;Total Dissolved Solids (TDS);;Daily Discharge;=;52030;lb/day;;;;2012-10-01;00:00:00;2012-10-31;00:00:00;;;;Los Angeles-Glendale WWRP; Monthly SMR ( MONNPDES ) report for October 2012;34,1372;-118,27422;Los Angeles River
EFF-001A;Total Dissolved Solids (TDS);;Monthly Average (Mean);=;642;mg/L;35,0;;35,0;2019-12-31;00:00:00;2019-12-31;00:00:00;;;;Los Angeles-Glendale WWRP; Monthly SMR ( MONNPDES ) report for December 2019;34,1372;-118,27422;Los Angeles River
EFF-001A;Total Dissolved Solids (TDS);;Daily Discharge;=;49028;lb/day;;;;2019-10-01;00:00:00;2019-10-31;00:00:00;;;;Los Angeles-Glendale WWRP; Monthly SMR ( MONNPDES ) report for October 2019;34,1372;-118,27422;Los Angeles River
EFF-001A;Total Dissolved Solids (TDS);Standard Method (19th) 2540 C: Total Diss. Solids at 180 deg.;;=;614;mg/L;35,0;35,0;35,0;2020-01-04;23:55:00;2020-01-07;00:00:00;;;;Los Angeles-Glendale WWRP; Monthly SMR ( MONNPDES ) report for January 2020;34,1372;-118,27422;Los Angeles River
EFF-001A;Total Dissolved Solids (TDS);;Daily Discharge;=;35599;lb/day;;;;2024-10-01;00:00:00;2024-10-31;00:00:00;;;;Los Angeles-Glendale WWRP; Monthly SMR ( MONNPDES ) report for October 2024;34,1372;-118,27422;Los Angeles River
EFF-001A;Total Dissolved Solids (TDS);;Monthly Average (Mean);=;614;mg/L;35,0;;35,0;2020-01-31;00:00:00;2020-01-31;00:00:00;;;;Los Angeles-Glendale WWRP; Monthly SMR ( MONNPDES ) report for January 2020;34,1372;-118,27422;Los Angeles River
EFF-001A;Total Dissolved Solids (TDS);;Daily Discharge;=;43294;lb/day;;;;2025-10-01;00:00:00;2025-10-31;00:00:00;;;;Los Angeles-Glendale WWRP; Monthly SMR ( MONNPDES ) report for October 2025;34,1372;-118,27422;Los Angeles River
RSW-LAGT650;Total Dissolved Solids (TDS);Standard Method (19th) 2540 C: Total Diss. Solids at 180 deg.;;=;688;mg/L;35,0;35,0;35,0;2020-02-04;08:00:00;2020-02-04;00:00:00;;;;Los Angeles-Glendale WWRP; Monthly SMR ( MONNPDES ) report for February 2020;34,1377;-118,27532;Los Angeles River
EFF-001A;Total Dissolved Solids (TDS);;Daily Discharge;=;51802;lb/day;;;;2018-10-02;00:00:00;2018-10-31;00:00:00;;;;Los Angeles-Glendale WWRP; Monthly SMR ( MONNPDES ) report for October 2018;34,1372;-118,27422;Los Angeles River
RSW-LAGT654(a);Total Dissolved Solids (TDS);Standard Method (19th) 2540 C: Total Diss. Solids at 180 deg.;;=;682;mg/L;35,0;35,0;35,0;2020-02-04;08:30:00;2020-02-04;00:00:00;;;;Los Angeles-Glendale WWRP; Monthly SMR ( MONNPDES ) report for February 2020;34,13;-118,27314;Los Angeles River
EFF-001A;Total Dissolved Solids (TDS);;Daily Discharge;=;83961;lb/day;;;;2015-10-03;00:00:00;2015-10-31;00:00:00;;;;Los Angeles-Glendale WWRP; Monthly SMR ( MONNPDES ) report for October 2015;34,1372;-118,27422;Los Angeles River
EFF-001A;Total Dissolved Solids (TDS);Standard Method (19th) 2540 C: Total Diss. Solids at 180 deg.;;=;684;mg/L;35,0;35,0;35,0;2020-02-07;23:55:00;2020-02-13;00:00:00;;;;Los Angeles-Glendale WWRP; Monthly SMR ( MONNPDES ) report for February 2020;34,1372;-118,27422;Los Angeles River
EFF-001A;Total Dissolved Solids (TDS);;Daily Discharge;=;55975;lb/day;;;;2016-10-03;00:00:00;2016-10-31;00:00:00;;;;Los Angeles-Glendale WWRP; Monthly SMR ( MONNPDES ) report for October 2016;34,1372;-118,27422;Los Angeles River
EFF-001A;Total Dissolved Solids (TDS);;Monthly Average (Mean);=;684;mg/L;35,0;;35,0;2020-02-29;00:00:00;2020-02-29;00:00:00;;;;Los Angeles-Glendale WWRP; Monthly SMR ( MONNPDES ) report for February 2020;34,1372;-118,27422;Los Angeles River
EFF-001A;Total Dissolved Solids (TDS);;Daily Discharge;=;46371;lb/day;;;;2017-10-03;00:00:00;2017-10-31;00:00:00;;;;Los Angeles-Glendale WWRP; Monthly SMR ( MONNPDES ) report for October 2017;34,1372;-118,27422;Los Angeles River
EFF-001A;Total Dissolved Solids (TDS);Standard Method (19th) 2540 C: Total Diss. Solids at 180 deg.;;=;706;mg/L;35,0;35,0;35,0;2020-03-03;23:55:00;2020-03-10;00:00:00;;;;Los Angeles-Glendale WWRP; Monthly SMR ( MONNPDES ) report for March 2020;34,1372;-118,27422;Los Angeles River
EFF-001A;Total Dissolved Solids (TDS);;Daily Discharge;=;55206;lb/day;;;;2013-10-04;00:00:00;2013-10-31;00:00:00;;;;Los Angeles-Glendale WWRP; Monthly SMR ( MONNPDES ) report for October 2013;34,1372;-118,27422;Los Angeles River
EFF-001A;Total Dissolved Solids (TDS);;Monthly Average (Mean);=;706;mg/L;35,0;;35,0;2020-03-31;00:00:00;2020-03-31;00:00:00;;;;Los Angeles-Glendale WWRP; Monthly SMR ( MONNPDES ) report for March 2020;34,1372;-118,27422;Los Angeles River
EFF-001A;Total Dissolved Solids (TDS);;Daily Discharge;=;42439;lb/day;;;;2021-10-04;00:00:00;2021-10-31;00:00:00;;;;Los Angeles-Glendale WWRP; Monthly SMR ( MONNPDES ) report for October 2021;34,1372;-118,27422;Los Angeles River
EFF-001A;Total Dissolved Solids (TDS);Standard Method (19th) 2540 C: Total Diss. Solids at 180 deg.;;=;698;mg/L;35,0;35,0;35,0;2020-04-06;23:55:00;2020-04-09;00:00:00;;;;Los Angeles-Glendale WWRP; Monthly SMR ( MONNPDES ) report for April 2020;34,1372;-118,27422;Los Angeles River
EFF-001A;Total Dissolved Solids (TDS);;Daily Discharge;=;35509;lb/day;;;;2022-10-04;00:00:00;2022-10-31;00:00:00;;;;Los Angeles-Glendale WWRP; Monthly SMR ( MONNPDES ) report for October 2022;34,1372;-118,27422;Los Angeles River
EFF-001A;Total Dissolved Solids (TDS);;Monthly Average (Mean);=;698;mg/L;35,0;;35,0;2020-04-30;00:00:00;2020-04-30;00:00:00;;;;Los Angeles-Glendale WWRP; Monthly SMR ( MONNPDES ) report for April 2020;34,1372;-118,27422;Los Angeles River
EFF-001A;Total Dissolved Solids (TDS);;Daily Discharge;=;58518;lb/day;;;;2014-10-05;00:00:00;2014-10-31;00:00:00;;;;Los Angeles-Glendale WWRP; Monthly SMR ( MONNPDES ) report for October 2014;34,1372;-118,27422;Los Angeles River
EFF-001A;Total Dissolved Solids (TDS);Standard Method (19th) 2540 C: Total Diss. Solids at 180 deg.;;=;694;mg/L;35,0;35,0;35,0;2020-05-03;23:55:00;2020-05-04;00:00:00;;;;Los Angeles-Glendale WWRP; Monthly SMR ( MONNPDES ) report for May 2020;34,1372;-118,27422;Los Angeles River
EFF-001A;Total Dissolved Solids (TDS);;Daily Discharge;=;38002;lb/day;;;;2020-10-05;00:00:00;2020-10-31;00:00:00;;;;Los Angeles-Glendale WWRP; Monthly SMR ( MONNPDES ) report for October 2020;34,1372;-118,27422;Los Angeles River
RSW-LAGT650;Total Dissolved Solids (TDS);Standard Method (19th) 2540 C: Total Diss. Solids at 180 deg.;;=;744;mg/L;35,0;35,0;35,0;2020-05-05;08:00:00;2020-05-06;00:00:00;;;;Los Angeles-Glendale WWRP; Monthly SMR ( MONNPDES ) report for May 2020;34,1377;-118,27532;Los Angeles River
EFF-001A;Total Dissolved Solids (TDS);;Daily Discharge;=;38475;lb/day;;;;2023-10-05;00:00:00;2023-10-31;00:00:00;;;;Los Angeles-Glendale WWRP; Monthly SMR ( MONNPDES ) report for October 2023;34,1372;-118,27422;Los Angeles River
EFF-001A;Total Dissolved Solids (TDS);;Monthly Average (Mean);=;52030;lb/day;;;;2012-10-31;00:00:00;2012-10-31;00:00:00;;;;Los Angeles-Glendale WWRP; Monthly SMR ( MONNPDES ) report for October 2012;34,1372;-118,27422;Los Angeles River
RSW-LAGT654(a);Total Dissolved Solids (TDS);Standard Method (19th) 2540 C: Total Diss. Solids at 180 deg.;;=;712;mg/L;35,0;35,0;35,0;2020-05-05;08:20:00;2020-05-06;00:00:00;;;;Los Angeles-Glendale WWRP; Monthly SMR ( MONNPDES ) report for May 2020;34,13;-118,27314;Los Angeles River
EFF-001A;Total Dissolved Solids (TDS);;Monthly Average (Mean);=;55206;lb/day;;;;2013-10-31;00:00:00;2013-10-31;00:00:00;;;;Los Angeles-Glendale WWRP; Monthly SMR ( MONNPDES ) report for October 2013;34,1372;-118,27422;Los Angeles River
EFF-001A;Total Dissolved Solids (TDS);;Monthly Average (Mean);=;694;mg/L;35,0;;35,0;2020-05-31;00:00:00;2020-05-31;00:00:00;;;;Los Angeles-Glendale WWRP; Monthly SMR ( MONNPDES ) report for May 2020;34,1372;-118,27422;Los Angeles River
EFF-001A;Total Dissolved Solids (TDS);Standard Method (19th) 2540 C: Total Diss. Solids at 180 deg.;;=;760;mg/L;35,0;35,0;35,0;2020-06-08;23:55:00;2020-06-10;00:00:00;;;;Los Angeles-Glendale WWRP; Monthly SMR ( MONNPDES ) report for June 2020;34,1372;-118,27422;Los Angeles River
EFF-001A;Total Dissolved Solids (TDS);;Monthly Average (Mean);=;58518;lb/day;;;;2014-10-31;00:00:00;2014-10-31;00:00:00;;;;Los Angeles-Glendale WWRP; Monthly SMR ( MONNPDES ) report for October 2014;34,1372;-118,27422;Los Angeles River
EFF-001A;Total Dissolved Solids (TDS);;Monthly Average (Mean);=;83961;lb/day;;;;2015-10-31;00:00:00;2015-10-31;00:00:00;;;;Los Angeles-Glendale WWRP; Monthly SMR ( MONNPDES ) report for October 2015;34,1372;-118,27422;Los Angeles River
EFF-001A;Total Dissolved Solids (TDS);;Monthly Average (Mean);=;760;mg/L;35,0;;35,0;2020-06-30;00:00:00;2020-06-30;00:00:00;;;;Los Angeles-Glendale WWRP; Monthly SMR ( MONNPDES ) report for June 2020;34,1372;-118,27422;Los Angeles River
EFF-001A;Total Dissolved Solids (TDS);Standard Method (19th) 2540 C: Total Diss. Solids at 180 deg.;;=;736;mg/L;35,0;35,0;35,0;2020-07-01;23:55:00;2020-07-07;00:00:00;;;;Los Angeles-Glendale WWRP; Monthly SMR ( MONNPDES ) report for July 2020;34,1372;-118,27422;Los Angeles River
EFF-001A;Total Dissolved Solids (TDS);;Monthly Average (Mean);=;55975;lb/day;;;;2016-10-31;00:00:00;2016-10-31;00:00:00;;;;Los Angeles-Glendale WWRP; Monthly SMR ( MONNPDES ) report for October 2016;34,1372;-118,27422;Los Angeles River
EFF-001A;Total Dissolved Solids (TDS);;Monthly Average (Mean);=;46371;lb/day;;;;2017-10-31;00:00:00;2017-10-31;00:00:00;;;;Los Angeles-Glendale WWRP; Monthly SMR ( MONNPDES ) report for October 2017;34,1372;-118,27422;Los Angeles River
EFF-001A;Total Dissolved Solids (TDS);;Monthly Average (Mean);=;736;mg/L;35,0;;35,0;2020-07-31;00:00:00;2020-07-31;00:00:00;;;;Los Angeles-Glendale WWRP; Monthly SMR ( MONNPDES ) report for July 2020;34,1372;-118,27422;Los Angeles River
EFF-001A;Total Dissolved Solids (TDS);Standard Method (19th) 2540 C: Total Diss. Solids at 180 deg.;;=;760;mg/L;35,0;35,0;35,0;2020-08-04;23:55:00;2020-08-05;00:00:00;;;;Los Angeles-Glendale WWRP; Monthly SMR ( MONNPDES ) report for August 2020;34,1372;-118,27422;Los Angeles River
EFF-001A;Total Dissolved Solids (TDS);;Monthly Average (Mean);=;51802;lb/day;;;;2018-10-31;00:00:00;2018-10-31;00:00:00;;;;Los Angeles-Glendale WWRP; Monthly SMR ( MONNPDES ) report for October 2018;34,1372;-118,27422;Los Angeles River
EFF-001A;Total Dissolved Solids (TDS);;Monthly Average (Mean);=;49028;lb/day;;;;2019-10-31;00:00:00;2019-10-31;00:00:00;;;;Los Angeles-Glendale WWRP; Monthly SMR ( MONNPDES ) report for October 2019;34,1372;-118,27422;Los Angeles River
RSW-LAGT650;Total Dissolved Solids (TDS);Standard Method (19th) 2540 C: Total Diss. Solids at 180 deg.;;=;648;mg/L;35,0;35,0;35,0;2020-08-11;08:15:00;2020-08-11;00:00:00;;;;Los Angeles-Glendale WWRP; Monthly SMR ( MONNPDES ) report for August 2020;34,1377;-118,27532;Los Angeles River
RSW-LAGT654(a);Total Dissolved Solids (TDS);Standard Method (19th) 2540 C: Total Diss. Solids at 180 deg.;;=;674;mg/L;35,0;35,0;35,0;2020-08-11;08:35:00;2020-08-11;00:00:00;;;;Los Angeles-Glendale WWRP; Monthly SMR ( MONNPDES ) report for August 2020;34,13;-118,27314;Los Angeles River
EFF-001A;Total Dissolved Solids (TDS);;Monthly Average (Mean);=;38002;lb/day;;;;2020-10-31;00:00:00;2020-10-31;00:00:00;;;;Los Angeles-Glendale WWRP; Monthly SMR ( MONNPDES ) report for October 2020;34,1372;-118,27422;Los Angeles River
EFF-001A;Total Dissolved Solids (TDS);;Monthly Average (Mean);=;760;mg/L;35,0;;35,0;2020-08-31;00:00:00;2020-08-31;00:00:00;;;;Los Angeles-Glendale WWRP; Monthly SMR ( MONNPDES ) report for August 2020;34,1372;-118,27422;Los Angeles River
EFF-001A;Total Dissolved Solids (TDS);;Monthly Average (Mean);=;42439;lb/day;;;;2021-10-31;00:00:00;2021-10-31;00:00:00;;;;Los Angeles-Glendale WWRP; Monthly SMR ( MONNPDES ) report for October 2021;34,1372;-118,27422;Los Angeles River
EFF-001A;Total Dissolved Solids (TDS);;Monthly Average (Mean);=;35509;lb/day;;;;2022-10-31;00:00:00;2022-10-31;00:00:00;;;;Los Angeles-Glendale WWRP; Monthly SMR ( MONNPDES ) report for October 2022;34,1372;-118,27422;Los Angeles River
EFF-001A;Total Dissolved Solids (TDS);Standard Method (19th) 2540 C: Total Diss. Solids at 180 deg.;;=;726;mg/L;35,0;35,0;35,0;2020-09-02;23:55:00;2020-09-08;00:00:00;;;;Los Angeles-Glendale WWRP; Monthly SMR ( MONNPDES ) report for September 2020;34,1372;-118,27422;Los Angeles River
EFF-001A;Total Dissolved Solids (TDS);;Monthly Average (Mean);=;38475;lb/day;;;;2023-10-31;00:00:00;2023-10-31;00:00:00;;;;Los Angeles-Glendale WWRP; Monthly SMR ( MONNPDES ) report for October 2023;34,1372;-118,27422;Los Angeles River
EFF-001A;Total Dissolved Solids (TDS);;Monthly Average (Mean);=;726;mg/L;35,0;;35,0;2020-09-30;00:00:00;2020-09-30;00:00:00;;;;Los Angeles-Glendale WWRP; Monthly SMR ( MONNPDES ) report for September 2020;34,1372;-118,27422;Los Angeles River
EFF-001A;Total Dissolved Solids (TDS);Standard Method (19th) 2540 C: Total Diss. Solids at 180 deg.;;=;668;mg/L;35,0;35,0;35,0;2020-10-05;23:55:00;2020-10-06;00:00:00;;;;Los Angeles-Glendale WWRP; Monthly SMR ( MONNPDES ) report for October 2020;34,1372;-118,27422;Los Angeles River
EFF-001A;Total Dissolved Solids (TDS);;Monthly Average (Mean);=;35599;lb/day;;;;2024-10-31;00:00:00;2024-10-31;00:00:00;;;;Los Angeles-Glendale WWRP; Monthly SMR ( MONNPDES ) report for October 2024;34,1372;-118,27422;Los Angeles River
EFF-001A;Total Dissolved Solids (TDS);;Monthly Average (Mean);=;668;mg/L;35,0;;35,0;2020-10-31;00:00:00;2020-10-31;00:00:00;;;;Los Angeles-Glendale WWRP; Monthly SMR ( MONNPDES ) report for October 2020;34,1372;-118,27422;Los Angeles River
EFF-001A;Total Dissolved Solids (TDS);;Monthly Average (Mean);=;43294;lb/day;;;;2025-10-31;00:00:00;2025-10-31;00:00:00;;;;Los Angeles-Glendale WWRP; Monthly SMR ( MONNPDES ) report for October 2025;34,1372;-118,27422;Los Angeles River
RSW-LAGT650;Total Dissolved Solids (TDS);Standard Method (19th) 2540 C: Total Diss. Solids at 180 deg.;;=;634;mg/L;35,0;35,0;35,0;2020-11-04;07:45:00;2020-11-10;00:00:00;;;;Los Angeles-Glendale WWRP; Monthly SMR ( MONNPDES ) report for November 2020;34,1377;-118,27532;Los Angeles River
EFF-001A;Total Dissolved Solids (TDS);;Daily Discharge;=;55262;lb/day;;;;2013-11-01;00:00:00;2013-11-30;00:00:00;;;;Los Angeles-Glendale WWRP; Monthly SMR ( MONNPDES ) report for November 2013;34,1372;-118,27422;Los Angeles River
RSW-LAGT654(a);Total Dissolved Solids (TDS);Standard Method (19th) 2540 C: Total Diss. Solids at 180 deg.;;=;656;mg/L;35,0;35,0;35,0;2020-11-04;08:05:00;2020-11-10;00:00:00;;;;Los Angeles-Glendale WWRP; Monthly SMR ( MONNPDES ) report for November 2020;34,13;-118,27314;Los Angeles River
EFF-001A;Total Dissolved Solids (TDS);;Daily Discharge;=;74200;lb/day;;;;2016-11-01;00:00:00;2016-11-30;00:00:00;;;;Los Angeles-Glendale WWRP; Monthly SMR ( MONNPDES ) report for November 2016;34,1372;-118,27422;Los Angeles River
EFF-001A;Total Dissolved Solids (TDS);Standard Method (19th) 2540 C: Total Diss. Solids at 180 deg.;;=;750;mg/L;35,0;35,0;35,0;2020-11-05;23:55:00;2020-11-10;00:00:00;;;;Los Angeles-Glendale WWRP; Monthly SMR ( MONNPDES ) report for November 2020;34,1372;-118,27422;Los Angeles River
EFF-001A;Total Dissolved Solids (TDS);;Daily Discharge;=;60491;lb/day;;;;2012-11-02;00:00:00;2012-11-30;00:00:00;;;;Los Angeles-Glendale WWRP; Monthly SMR ( MONNPDES ) report for November 2012;34,1372;-118,27422;Los Angeles River
EFF-001A;Total Dissolved Solids (TDS);;Monthly Average (Mean);=;750;mg/L;35,0;;35,0;2020-11-30;00:00:00;2020-11-30;00:00:00;;;;Los Angeles-Glendale WWRP; Monthly SMR ( MONNPDES ) report for November 2020;34,1372;-118,27422;Los Angeles River
EFF-001A;Total Dissolved Solids (TDS);;Daily Discharge;=;70050;lb/day;;;;2014-11-02;00:00:00;2014-11-30;00:00:00;;;;Los Angeles-Glendale WWRP; Monthly SMR ( MONNPDES ) report for November 2014;34,1372;-118,27422;Los Angeles River
EFF-001A;Total Dissolved Solids (TDS);Standard Method (19th) 2540 C: Total Diss. Solids at 180 deg.;;=;722;mg/L;35,0;35,0;35,0;2020-12-05;23:55:00;2020-12-08;00:00:00;;;;Los Angeles-Glendale WWRP; Monthly SMR ( MONNPDES ) report for December 2020;34,1372;-118,27422;Los Angeles River
EFF-001A;Total Dissolved Solids (TDS);;Daily Discharge;=;62464;lb/day;;;;2018-11-02;00:00:00;2018-11-30;00:00:00;;;;Los Angeles-Glendale WWRP; Monthly SMR ( MONNPDES ) report for November 2018;34,1372;-118,27422;Los Angeles River
EFF-001A;Total Dissolved Solids (TDS);;Monthly Average (Mean);=;722;mg/L;35,0;;35,0;2020-12-31;00:00:00;2020-12-31;00:00:00;;;;Los Angeles-Glendale WWRP; Monthly SMR ( MONNPDES ) report for December 2020;34,1372;-118,27422;Los Angeles River
EFF-001A;Total Dissolved Solids (TDS);;Daily Discharge;=;48247;lb/day;;;;2021-11-02;00:00:00;2021-11-30;00:00:00;;;;Los Angeles-Glendale WWRP; Monthly SMR ( MONNPDES ) report for November 2021;34,1372;-118,27422;Los Angeles River
EFF-001A;Total Dissolved Solids (TDS);Standard Method (19th) 2540 C: Total Diss. Solids at 180 deg.;;=;734;mg/L;35,0;35,0;35,0;2021-01-05;23:55:00;2021-01-06;00:00:00;;;;Los Angeles-Glendale WWRP; Monthly SMR ( MONNPDES ) report for January 2021;34,1372;-118,27422;Los Angeles River
EFF-001A;Total Dissolved Solids (TDS);;Daily Discharge;=;54968;lb/day;;;;2022-11-03;00:00:00;2022-11-30;00:00:00;;;;Los Angeles-Glendale WWRP; Monthly SMR ( MONNPDES ) report for November 2022;34,1372;-118,27422;Los Angeles River
EFF-001A;Total Dissolved Solids (TDS);;Monthly Average (Mean);=;734;mg/L;35,0;;35,0;2021-01-31;00:00:00;2021-01-31;00:00:00;;;;Los Angeles-Glendale WWRP; Monthly SMR ( MONNPDES ) report for January 2021;34,1372;-118,27422;Los Angeles River
EFF-001A;Total Dissolved Solids (TDS);;Daily Discharge;=;44634;lb/day;;;;2024-11-04;00:00:00;2024-11-30;00:00:00;;;;Los Angeles-Glendale WWRP; Monthly SMR ( MONNPDES ) report for November 2024;34,1372;-118,27422;Los Angeles River
RSW-LAGT650;Total Dissolved Solids (TDS);Standard Method (19th) 2540 C: Total Diss. Solids at 180 deg.;;=;600;mg/L;28,0;28,0;28,0;2021-02-02;07:15:00;2021-02-04;00:00:00;;;;Los Angeles-Glendale WWRP; Monthly SMR ( MONNPDES ) report for February 2021;34,1377;-118,27532;Los Angeles River
EFF-001A;Total Dissolved Solids (TDS);;Daily Discharge;=;60466;lb/day;;;;2017-11-05;00:00:00;2017-11-30;00:00:00;;;;Los Angeles-Glendale WWRP; Monthly SMR ( MONNPDES ) report for November 2017;34,1372;-118,27422;Los Angeles River
RSW-LAGT654(a);Total Dissolved Solids (TDS);Standard Method (19th) 2540 C: Total Diss. Solids at 180 deg.;;=;640;mg/L;28,0;28,0;28,0;2021-02-02;08:00:00;2021-02-04;00:00:00;;;;Los Angeles-Glendale WWRP; Monthly SMR ( MONNPDES ) report for February 2021;34,13;-118,27314;Los Angeles River
EFF-001A;Total Dissolved Solids (TDS);;Daily Discharge;=;52078;lb/day;;;;2020-11-05;00:00:00;2020-11-30;00:00:00;;;;Los Angeles-Glendale WWRP; Monthly SMR ( MONNPDES ) report for November 2020;34,1372;-118,27422;Los Angeles River
EFF-001A;Total Dissolved Solids (TDS);Standard Method (19th) 2540 C: Total Diss. Solids at 180 deg.;;=;752;mg/L;28,0;28,0;28,0;2021-02-06;23:55:00;2021-02-11;00:00:00;;;;Los Angeles-Glendale WWRP; Monthly SMR ( MONNPDES ) report for February 2021;34,1372;-118,27422;Los Angeles River
EFF-001A;Total Dissolved Solids (TDS);;Daily Discharge;=;28160;lb/day;;;;2023-11-06;00:00:00;2023-11-30;00:00:00;;;;Los Angeles-Glendale WWRP; Monthly SMR ( MONNPDES ) report for November 2023;34,1372;-118,27422;Los Angeles River
EFF-001A;Total Dissolved Solids (TDS);;Monthly Average (Mean);=;752;mg/L;28,0;;28,0;2021-02-28;00:00:00;2021-02-28;00:00:00;;;;Los Angeles-Glendale WWRP; Monthly SMR ( MONNPDES ) report for February 2021;34,1372;-118,27422;Los Angeles River
EFF-001A;Total Dissolved Solids (TDS);;Daily Discharge;=;44981;lb/day;;;;2019-11-07;00:00:00;2019-11-30;00:00:00;;;;Los Angeles-Glendale WWRP; Monthly SMR ( MONNPDES ) report for November 2019;34,1372;-118,27422;Los Angeles River
EFF-001A;Total Dissolved Solids (TDS);Standard Method (19th) 2540 C: Total Diss. Solids at 180 deg.;;=;612;mg/L;28,0;28,0;28,0;2021-03-01;23:55:00;2021-03-05;00:00:00;;;;Los Angeles-Glendale WWRP; Monthly SMR ( MONNPDES ) report for March 2021;34,1372;-118,27422;Los Angeles River
EFF-001A;Total Dissolved Solids (TDS);;Daily Discharge;=;72617;lb/day;;;;2015-11-08;00:00:00;2015-11-30;00:00:00;;;;Los Angeles-Glendale WWRP; Monthly SMR ( MONNPDES ) report for November 2015;34,1372;-118,27422;Los Angeles River
EFF-001A;Total Dissolved Solids (TDS);;Monthly Average (Mean);=;612;mg/L;28,0;;28,0;2021-03-31;00:00:00;2021-03-31;00:00:00;;;;Los Angeles-Glendale WWRP; Monthly SMR ( MONNPDES ) report for March 2021;34,1372;-118,27422;Los Angeles River
EFF-001A;Total Dissolved Solids (TDS);;Daily Discharge;=;50651;lb/day;;;;2025-11-12;00:00:00;2025-11-30;00:00:00;;;;Los Angeles-Glendale WWRP; Monthly SMR ( MONNPDES ) report for November 2025;34,1372;-118,27422;Los Angeles River
EFF-001A;Total Dissolved Solids (TDS);;Monthly Average (Mean);=;60491;lb/day;;;;2012-11-30;00:00:00;2012-11-30;00:00:00;;;;Los Angeles-Glendale WWRP; Monthly SMR ( MONNPDES ) report for November 2012;34,1372;-118,27422;Los Angeles River
EFF-001A;Total Dissolved Solids (TDS);Standard Method (19th) 2540 C: Total Diss. Solids at 180 deg.;;=;740;mg/L;28,0;28,0;28,0;2021-04-04;23:55:00;2021-04-09;00:00:00;;;;Los Angeles-Glendale WWRP; Monthly SMR ( MONNPDES ) report for April 2021;34,1372;-118,27422;Los Angeles River
EFF-001A;Total Dissolved Solids (TDS);;Monthly Average (Mean);=;55262;lb/day;;;;2013-11-30;00:00:00;2013-11-30;00:00:00;;;;Los Angeles-Glendale WWRP; Monthly SMR ( MONNPDES ) report for November 2013;34,1372;-118,27422;Los Angeles River
EFF-001A;Total Dissolved Solids (TDS);;Monthly Average (Mean);=;740;mg/L;28,0;;28,0;2021-04-30;00:00:00;2021-04-30;00:00:00;;;;Los Angeles-Glendale WWRP; Monthly SMR ( MONNPDES ) report for April 2021;34,1372;-118,27422;Los Angeles River
EFF-001A;Total Dissolved Solids (TDS);;Monthly Average (Mean);=;70050;lb/day;;;;2014-11-30;00:00:00;2014-11-30;00:00:00;;;;Los Angeles-Glendale WWRP; Monthly SMR ( MONNPDES ) report for November 2014;34,1372;-118,27422;Los Angeles River
RSW-LAGT650;Total Dissolved Solids (TDS);Standard Method (19th) 2540 C: Total Diss. Solids at 180 deg.;;=;708;mg/L;28,0;28,0;28,0;2021-05-04;07:35:00;2021-05-11;00:00:00;;;;Los Angeles-Glendale WWRP; Monthly SMR ( MONNPDES ) report for May 2021;34,1377;-118,27532;Los Angeles River
RSW-LAGT654(a);Total Dissolved Solids (TDS);Standard Method (19th) 2540 C: Total Diss. Solids at 180 deg.;;=;708;mg/L;28,0;28,0;28,0;2021-05-04;07:55:00;2021-05-11;00:00:00;;;;Los Angeles-Glendale WWRP; Monthly SMR ( MONNPDES ) report for May 2021;34,13;-118,27314;Los Angeles River
EFF-001A;Total Dissolved Solids (TDS);;Monthly Average (Mean);=;72617;lb/day;;;;2015-11-30;00:00:00;2015-11-30;00:00:00;;;;Los Angeles-Glendale WWRP; Monthly SMR ( MONNPDES ) report for November 2015;34,1372;-118,27422;Los Angeles River
EFF-001A;Total Dissolved Solids (TDS);Standard Method (19th) 2540 C: Total Diss. Solids at 180 deg.;;=;756;mg/L;28,0;28,0;28,0;2021-05-06;23:55:00;2021-05-11;00:00:00;;;;Los Angeles-Glendale WWRP; Monthly SMR ( MONNPDES ) report for May 2021;34,1372;-118,27422;Los Angeles River
EFF-001A;Total Dissolved Solids (TDS);;Monthly Average (Mean);=;74200;lb/day;;;;2016-11-30;00:00:00;2016-11-30;00:00:00;;;;Los Angeles-Glendale WWRP; Monthly SMR ( MONNPDES ) report for November 2016;34,1372;-118,27422;Los Angeles River
EFF-001A;Total Dissolved Solids (TDS);;Monthly Average (Mean);=;756;mg/L;28,0;;28,0;2021-05-31;00:00:00;2021-05-31;00:00:00;;;;Los Angeles-Glendale WWRP; Monthly SMR ( MONNPDES ) report for May 2021;34,1372;-118,27422;Los Angeles River
EFF-001A;Total Dissolved Solids (TDS);;Monthly Average (Mean);=;60466;lb/day;;;;2017-11-30;00:00:00;2017-11-30;00:00:00;;;;Los Angeles-Glendale WWRP; Monthly SMR ( MONNPDES ) report for November 2017;34,1372;-118,27422;Los Angeles River
EFF-001A;Total Dissolved Solids (TDS);;Monthly Average (Mean);=;62464;lb/day;;;;2018-11-30;00:00:00;2018-11-30;00:00:00;;;;Los Angeles-Glendale WWRP; Monthly SMR ( MONNPDES ) report for November 2018;34,1372;-118,27422;Los Angeles River
EFF-001A;Total Dissolved Solids (TDS);Standard Method (19th) 2540 C: Total Diss. Solids at 180 deg.;;=;748;mg/L;28,0;28,0;28,0;2021-06-14;23:55:00;2021-06-17;00:00:00;;;;Los Angeles-Glendale WWRP; Monthly SMR ( MONNPDES ) report for June 2021;34,1372;-118,27422;Los Angeles River
EFF-001A;Total Dissolved Solids (TDS);;Monthly Average (Mean);=;748;mg/L;28,0;;28,0;2021-06-30;00:00:00;2021-06-30;00:00:00;;;;Los Angeles-Glendale WWRP; Monthly SMR ( MONNPDES ) report for June 2021;34,1372;-118,27422;Los Angeles River
EFF-001A;Total Dissolved Solids (TDS);;Monthly Average (Mean);=;44981;lb/day;;;;2019-11-30;00:00:00;2019-11-30;00:00:00;;;;Los Angeles-Glendale WWRP; Monthly SMR ( MONNPDES ) report for November 2019;34,1372;-118,27422;Los Angeles River
EFF-001A;Total Dissolved Solids (TDS);;Monthly Average (Mean);=;52078;lb/day;;;;2020-11-30;00:00:00;2020-11-30;00:00:00;;;;Los Angeles-Glendale WWRP; Monthly SMR ( MONNPDES ) report for November 2020;34,1372;-118,27422;Los Angeles River
EFF-001A;Total Dissolved Solids (TDS);Standard Method (19th) 2540 C: Total Diss. Solids at 180 deg.;;=;776;mg/L;28,0;28,0;28,0;2021-07-07;23:55:00;2021-07-13;00:00:00;;;;Los Angeles-Glendale WWRP; Monthly SMR ( MONNPDES ) report for July 2021;34,1372;-118,27422;Los Angeles River
EFF-001A;Total Dissolved Solids (TDS);;Monthly Average (Mean);=;776;mg/L;28,0;;28,0;2021-07-31;00:00:00;2021-07-31;00:00:00;;;;Los Angeles-Glendale WWRP; Monthly SMR ( MONNPDES ) report for July 2021;34,1372;-118,27422;Los Angeles River
EFF-001A;Total Dissolved Solids (TDS);;Monthly Average (Mean);=;48247;lb/day;;;;2021-11-30;00:00:00;2021-11-30;00:00:00;;;;Los Angeles-Glendale WWRP; Monthly SMR ( MONNPDES ) report for November 2021;34,1372;-118,27422;Los Angeles River
EFF-001A;Total Dissolved Solids (TDS);;Monthly Average (Mean);=;54968;lb/day;;;;2022-11-30;00:00:00;2022-11-30;00:00:00;;;;Los Angeles-Glendale WWRP; Monthly SMR ( MONNPDES ) report for November 2022;34,1372;-118,27422;Los Angeles River
EFF-001A;Total Dissolved Solids (TDS);Standard Method (19th) 2540 C: Total Diss. Solids at 180 deg.;;=;784;mg/L;28,0;28,0;28,0;2021-08-01;23:55:00;2021-08-06;00:00:00;;;;Los Angeles-Glendale WWRP; Monthly SMR ( MONNPDES ) report for August 2021;34,1372;-118,27422;Los Angeles River
RSW-LAGT650;Total Dissolved Solids (TDS);Standard Method (19th) 2540 C: Total Diss. Solids at 180 deg.;;=;648;mg/L;28,0;28,0;28,0;2021-08-03;07:30:00;2021-08-06;00:00:00;;;;Los Angeles-Glendale WWRP; Monthly SMR ( MONNPDES ) report for August 2021;34,1377;-118,27532;Los Angeles River
EFF-001A;Total Dissolved Solids (TDS);;Monthly Average (Mean);=;28160;lb/day;;;;2023-11-30;00:00:00;2023-11-30;00:00:00;;;;Los Angeles-Glendale WWRP; Monthly SMR ( MONNPDES ) report for November 2023;34,1372;-118,27422;Los Angeles River
RSW-LAGT654(a);Total Dissolved Solids (TDS);Standard Method (19th) 2540 C: Total Diss. Solids at 180 deg.;;=;664;mg/L;28,0;28,0;28,0;2021-08-03;08:00:00;2021-08-06;00:00:00;;;;Los Angeles-Glendale WWRP; Monthly SMR ( MONNPDES ) report for August 2021;34,13;-118,27314;Los Angeles River
EFF-001A;Total Dissolved Solids (TDS);;Monthly Average (Mean);=;44634;lb/day;;;;2024-11-30;00:00:00;2024-11-30;00:00:00;;;;Los Angeles-Glendale WWRP; Monthly SMR ( MONNPDES ) report for November 2024;34,1372;-118,27422;Los Angeles River
EFF-001A;Total Dissolved Solids (TDS);;Monthly Average (Mean);=;784;mg/L;28,0;;28,0;2021-08-31;00:00:00;2021-08-31;00:00:00;;;;Los Angeles-Glendale WWRP; Monthly SMR ( MONNPDES ) report for August 2021;34,1372;-118,27422;Los Angeles River
EFF-001A;Total Dissolved Solids (TDS);;Monthly Average (Mean);=;50651;lb/day;;;;2025-11-30;00:00:00;2025-11-30;00:00:00;;;;Los Angeles-Glendale WWRP; Monthly SMR ( MONNPDES ) report for November 2025;34,1372;-118,27422;Los Angeles River
EFF-001A;Total Dissolved Solids (TDS);Standard Method (19th) 2540 C: Total Diss. Solids at 180 deg.;;=;816;mg/L;35,0;35,0;35,0;2021-09-01;23:55:00;2021-09-03;00:00:00;;;;Los Angeles-Glendale WWRP; Monthly SMR ( MONNPDES ) report for September 2021;34,1372;-118,27422;Los Angeles River
EFF-001A;Total Dissolved Solids (TDS);;Daily Discharge;=;61440;lb/day;;;;2018-12-01;00:00:00;2018-12-31;00:00:00;;;;Los Angeles-Glendale WWRP; Monthly SMR ( MONNPDES ) report for December 2018;34,1372;-118,27422;Los Angeles River
EFF-001A;Total Dissolved Solids (TDS);;Monthly Average (Mean);=;816;mg/L;35,0;;35,0;2021-09-30;00:00:00;2021-09-30;00:00:00;;;;Los Angeles-Glendale WWRP; Monthly SMR ( MONNPDES ) report for September 2021;34,1372;-118,27422;Los Angeles River
EFF-001A;Total Dissolved Solids (TDS);;Daily Discharge;=;79858;lb/day;;;;2012-12-02;00:00:00;2012-12-31;00:00:00;;;;Los Angeles-Glendale WWRP; Monthly SMR ( MONNPDES ) report for December 2012;34,1372;-118,27422;Los Angeles River
EFF-001A;Total Dissolved Solids (TDS);Standard Method (19th) 2540 C: Total Diss. Solids at 180 deg.;;=;746;mg/L;35,0;35,0;35,0;2021-10-04;23:55:00;2021-10-07;00:00:00;;;;Los Angeles-Glendale WWRP; Monthly SMR ( MONNPDES ) report for October 2021;34,1372;-118,27422;Los Angeles River
EFF-001A;Total Dissolved Solids (TDS);;Daily Discharge;=;61266;lb/day;;;;2015-12-02;00:00:00;2015-12-31;00:00:00;;;;Los Angeles-Glendale WWRP; Monthly SMR ( MONNPDES ) report for December 2015;34,1372;-118,27422;Los Angeles River
EFF-001A;Total Dissolved Solids (TDS);;Monthly Average (Mean);=;746;mg/L;35,0;;35,0;2021-10-31;00:00:00;2021-10-31;00:00:00;;;;Los Angeles-Glendale WWRP; Monthly SMR ( MONNPDES ) report for October 2021;34,1372;-118,27422;Los Angeles River
EFF-001A;Total Dissolved Solids (TDS);;Daily Discharge;=;50529;lb/day;;;;2017-12-02;00:00:00;2017-12-31;00:00:00;;;;Los Angeles-Glendale WWRP; Monthly SMR ( MONNPDES ) report for December 2017;34,1372;-118,27422;Los Angeles River
EFF-001A;Total Dissolved Solids (TDS);Standard Method (19th) 2540 C: Total Diss. Solids at 180 deg.;;=;790;mg/L;35,0;35,0;35,0;2021-11-02;23:55:00;2021-11-07;00:00:00;;;;Los Angeles-Glendale WWRP; Monthly SMR ( MONNPDES ) report for November 2021;34,1372;-118,27422;Los Angeles River
EFF-001A;Total Dissolved Solids (TDS);;Daily Discharge;=;52195;lb/day;;;;2021-12-03;00:00:00;2021-12-31;00:00:00;;;;Los Angeles-Glendale WWRP; Monthly SMR ( MONNPDES ) report for December 2021;34,1372;-118,27422;Los Angeles River
RSW-LAGT650;Total Dissolved Solids (TDS);Standard Method (19th) 2540 C: Total Diss. Solids at 180 deg.;;=;632;mg/L;35,0;35,0;35,0;2021-11-02;08:00:00;2021-11-07;00:00:00;;;;Los Angeles-Glendale WWRP; Monthly SMR ( MONNPDES ) report for November 2021;34,1377;-118,27532;Los Angeles River
EFF-001A;Total Dissolved Solids (TDS);;Daily Discharge;=;61520;lb/day;;;;2022-12-03;00:00:00;2022-12-31;00:00:00;;;;Los Angeles-Glendale WWRP; Monthly SMR ( MONNPDES ) report for December 2022;34,1372;-118,27422;Los Angeles River
RSW-LAGT654(a);Total Dissolved Solids (TDS);Standard Method (19th) 2540 C: Total Diss. Solids at 180 deg.;;=;650;mg/L;35,0;35,0;35,0;2021-11-02;08:30:00;2021-11-07;00:00:00;;;;Los Angeles-Glendale WWRP; Monthly SMR ( MONNPDES ) report for November 2021;34,13;-118,27314;Los Angeles River
EFF-001A;Total Dissolved Solids (TDS);;Daily Discharge;=;40850;lb/day;;;;2023-12-03;00:00:00;2023-12-31;00:00:00;;;;Los Angeles-Glendale WWRP; Monthly SMR ( MONNPDES ) report for December 2023;34,1372;-118,27422;Los Angeles River
EFF-001A;Total Dissolved Solids (TDS);;Monthly Average (Mean);=;790;mg/L;35,0;;35,0;2021-11-30;00:00:00;2021-11-30;00:00:00;;;;Los Angeles-Glendale WWRP; Monthly SMR ( MONNPDES ) report for November 2021;34,1372;-118,27422;Los Angeles River
EFF-001A;Total Dissolved Solids (TDS);;Daily Discharge;=;74725;lb/day;;;;2014-12-04;00:00:00;2014-12-31;00:00:00;;;;Los Angeles-Glendale WWRP; Monthly SMR ( MONNPDES ) report for December 2014;34,1372;-118,27422;Los Angeles River
EFF-001A;Total Dissolved Solids (TDS);Standard Method (19th) 2540 C: Total Diss. Solids at 180 deg.;;=;734;mg/L;35,0;35,0;35,0;2021-12-03;23:55:00;2021-12-09;00:00:00;;;;Los Angeles-Glendale WWRP; Monthly SMR ( MONNPDES ) report for December 2021;34,1372;-118,27422;Los Angeles River
EFF-001A;Total Dissolved Solids (TDS);;Daily Discharge;=;75977;lb/day;;;;2013-12-05;00:00:00;2013-12-31;00:00:00;;;;Los Angeles-Glendale WWRP; Monthly SMR ( MONNPDES ) report for December 2013;34,1372;-118,27422;Los Angeles River
EFF-001A;Total Dissolved Solids (TDS);;Monthly Average (Mean);=;734;mg/L;35,0;;35,0;2021-12-31;00:00:00;2021-12-31;00:00:00;;;;Los Angeles-Glendale WWRP; Monthly SMR ( MONNPDES ) report for December 2021;34,1372;-118,27422;Los Angeles River
EFF-001A;Total Dissolved Solids (TDS);;Daily Discharge;=;54966;lb/day;;;;2020-12-05;00:00:00;2020-12-31;00:00:00;;;;Los Angeles-Glendale WWRP; Monthly SMR ( MONNPDES ) report for December 2020;34,1372;-118,27422;Los Angeles River
EFF-001A;Total Dissolved Solids (TDS);Standard Method (19th) 2540 C: Total Diss. Solids at 180 deg.;;=;742;mg/L;35,0;35,0;35,0;2022-01-04;23:55:00;2022-01-06;00:00:00;;;;Los Angeles-Glendale WWRP; Monthly SMR ( MONNPDES ) report for January 2022;34,1372;-118,27422;Los Angeles River
EFF-001A;Total Dissolved Solids (TDS);;Daily Discharge;=;66600;lb/day;;;;2019-12-06;00:00:00;2019-12-31;00:00:00;;;;Los Angeles-Glendale WWRP; Monthly SMR ( MONNPDES ) report for December 2019;34,1372;-118,27422;Los Angeles River
EFF-001A;Total Dissolved Solids (TDS);;Monthly Average (Mean);=;742;mg/L;35,0;;35,0;2022-01-31;00:00:00;2022-01-31;00:00:00;;;;Los Angeles-Glendale WWRP; Monthly SMR ( MONNPDES ) report for January 2022;34,1372;-118,27422;Los Angeles River
EFF-001A;Total Dissolved Solids (TDS);;Daily Discharge;=;65623;lb/day;;;;2024-12-06;00:00:00;2024-12-31;00:00:00;;;;Los Angeles-Glendale WWRP; Monthly SMR ( MONNPDES ) report for December 2024;34,1372;-118,27422;Los Angeles River
RSW-LAGT650;Total Dissolved Solids (TDS);Standard Method (19th) 2540 C: Total Diss. Solids at 180 deg.;;=;690;mg/L;35,0;35,0;35,0;2022-02-01;07:47:00;2022-02-03;00:00:00;;;;Los Angeles-Glendale WWRP; Monthly SMR ( MONNPDES ) report for February 2022;34,1377;-118,27532;Los Angeles River
EFF-001A;Total Dissolved Solids (TDS);;Daily Discharge;=;79567;lb/day;;;;2016-12-19;00:00:00;2016-12-31;00:00:00;;;;Los Angeles-Glendale WWRP; Monthly SMR ( MONNPDES ) report for December 2016;34,1372;-118,27422;Los Angeles River
RSW-LAGT654(a);Total Dissolved Solids (TDS);Standard Method (19th) 2540 C: Total Diss. Solids at 180 deg.;;=;710;mg/L;35,0;35,0;35,0;2022-02-01;08:12:00;2022-02-03;00:00:00;;;;Los Angeles-Glendale WWRP; Monthly SMR ( MONNPDES ) report for February 2022;34,13;-118,27314;Los Angeles River
EFF-001A;Total Dissolved Solids (TDS);;Daily Discharge;=;45959;lb/day;;;;2025-12-28;00:00:00;2025-12-31;00:00:00;;;;Los Angeles-Glendale WWRP; Monthly SMR ( MONNPDES ) report for December 2025;34,1372;-118,27422;Los Angeles River
EFF-001A;Total Dissolved Solids (TDS);;Monthly Average (Mean);=;79858;lb/day;;;;2012-12-31;00:00:00;2012-12-31;00:00:00;;;;Los Angeles-Glendale WWRP; Monthly SMR ( MONNPDES ) report for December 2012;34,1372;-118,27422;Los Angeles River
EFF-001A;Total Dissolved Solids (TDS);Standard Method (19th) 2540 C: Total Diss. Solids at 180 deg.;;=;762;mg/L;35,0;35,0;35,0;2022-02-02;23:55:00;2022-02-03;00:00:00;;;;Los Angeles-Glendale WWRP; Monthly SMR ( MONNPDES ) report for February 2022;34,1372;-118,27422;Los Angeles River
EFF-001A;Total Dissolved Solids (TDS);;Monthly Average (Mean);=;75977;lb/day;;;;2013-12-31;00:00:00;2013-12-31;00:00:00;;;;Los Angeles-Glendale WWRP; Monthly SMR ( MONNPDES ) report for December 2013;34,1372;-118,27422;Los Angeles River
EFF-001A;Total Dissolved Solids (TDS);;Monthly Average (Mean);=;762;mg/L;35,0;;35,0;2022-02-28;00:00:00;2022-02-28;00:00:00;;;;Los Angeles-Glendale WWRP; Monthly SMR ( MONNPDES ) report for February 2022;34,1372;-118,27422;Los Angeles River
EFF-001A;Total Dissolved Solids (TDS);;Monthly Average (Mean);=;74725;lb/day;;;;2014-12-31;00:00:00;2014-12-31;00:00:00;;;;Los Angeles-Glendale WWRP; Monthly SMR ( MONNPDES ) report for December 2014;34,1372;-118,27422;Los Angeles River
EFF-001A;Total Dissolved Solids (TDS);Standard Method (19th) 2540 C: Total Diss. Solids at 180 deg.;;=;764;mg/L;35,0;35,0;35,0;2022-03-01;23:55:00;2022-03-03;00:00:00;;;;Los Angeles-Glendale WWRP; Monthly SMR ( MONNPDES ) report for March 2022;34,1372;-118,27422;Los Angeles River
EFF-001A;Total Dissolved Solids (TDS);;Monthly Average (Mean);=;764;mg/L;35,0;;35,0;2022-03-31;00:00:00;2022-03-31;00:00:00;;;;Los Angeles-Glendale WWRP; Monthly SMR ( MONNPDES ) report for March 2022;34,1372;-118,27422;Los Angeles River
EFF-001A;Total Dissolved Solids (TDS);;Monthly Average (Mean);=;61266;lb/day;;;;2015-12-31;00:00:00;2015-12-31;00:00:00;;;;Los Angeles-Glendale WWRP; Monthly SMR ( MONNPDES ) report for December 2015;34,1372;-118,27422;Los Angeles River
EFF-001A;Total Dissolved Solids (TDS);Standard Method (19th) 2540 C: Total Diss. Solids at 180 deg.;;=;722;mg/L;35,0;35,0;35,0;2022-04-04;23:55:00;2022-04-05;00:00:00;;;;Los Angeles-Glendale WWRP; Monthly SMR ( MONNPDES ) report for April 2022;34,1372;-118,27422;Los Angeles River
EFF-001A;Total Dissolved Solids (TDS);;Monthly Average (Mean);=;79567;lb/day;;;;2016-12-31;00:00:00;2016-12-31;00:00:00;;;;Los Angeles-Glendale WWRP; Monthly SMR ( MONNPDES ) report for December 2016;34,1372;-118,27422;Los Angeles River
EFF-001A;Total Dissolved Solids (TDS);;Monthly Average (Mean);=;50529;lb/day;;;;2017-12-31;00:00:00;2017-12-31;00:00:00;;;;Los Angeles-Glendale WWRP; Monthly SMR ( MONNPDES ) report for December 2017;34,1372;-118,27422;Los Angeles River
EFF-001A;Total Dissolved Solids (TDS);;Monthly Average (Mean);=;722;mg/L;35,0;;35,0;2022-04-30;00:00:00;2022-04-30;00:00:00;;;;Los Angeles-Glendale WWRP; Monthly SMR ( MONNPDES ) report for April 2022;34,1372;-118,27422;Los Angeles River
EFF-001A;Total Dissolved Solids (TDS);;Monthly Average (Mean);=;61440;lb/day;;;;2018-12-31;00:00:00;2018-12-31;00:00:00;;;;Los Angeles-Glendale WWRP; Monthly SMR ( MONNPDES ) report for December 2018;34,1372;-118,27422;Los Angeles River
EFF-001A;Total Dissolved Solids (TDS);Standard Method (19th) 2540 C: Total Diss. Solids at 180 deg.;;=;742;mg/L;35,0;35,0;35,0;2022-05-01;23:55:00;2022-05-05;00:00:00;;;;Los Angeles-Glendale WWRP; Monthly SMR ( MONNPDES ) report for May 2022;34,1372;-118,27422;Los Angeles River
EFF-001A;Total Dissolved Solids (TDS);;Monthly Average (Mean);=;66600;lb/day;;;;2019-12-31;00:00:00;2019-12-31;00:00:00;;;;Los Angeles-Glendale WWRP; Monthly SMR ( MONNPDES ) report for December 2019;34,1372;-118,27422;Los Angeles River
RSW-LAGT650;Total Dissolved Solids (TDS);Standard Method (19th) 2540 C: Total Diss. Solids at 180 deg.;;=;694;mg/L;35,0;35,0;35,0;2022-05-03;07:30:00;2022-05-05;00:00:00;;;;Los Angeles-Glendale WWRP; Monthly SMR ( MONNPDES ) report for May 2022;34,1377;-118,27532;Los Angeles River
RSW-LAGT654(a);Total Dissolved Solids (TDS);Standard Method (19th) 2540 C: Total Diss. Solids at 180 deg.;;=;702;mg/L;35,0;35,0;35,0;2022-05-03;08:00:00;2022-05-05;00:00:00;;;;Los Angeles-Glendale WWRP; Monthly SMR ( MONNPDES ) report for May 2022;34,13;-118,27314;Los Angeles River
EFF-001A;Total Dissolved Solids (TDS);;Monthly Average (Mean);=;54966;lb/day;;;;2020-12-31;00:00:00;2020-12-31;00:00:00;;;;Los Angeles-Glendale WWRP; Monthly SMR ( MONNPDES ) report for December 2020;34,1372;-118,27422;Los Angeles River
EFF-001A;Total Dissolved Solids (TDS);;Monthly Average (Mean);=;742;mg/L;35,0;;35,0;2022-05-31;00:00:00;2022-05-31;00:00:00;;;;Los Angeles-Glendale WWRP; Monthly SMR ( MONNPDES ) report for May 2022;34,1372;-118,27422;Los Angeles River
EFF-001A;Total Dissolved Solids (TDS);;Monthly Average (Mean);=;52195;lb/day;;;;2021-12-31;00:00:00;2021-12-31;00:00:00;;;;Los Angeles-Glendale WWRP; Monthly SMR ( MONNPDES ) report for December 2021;34,1372;-118,27422;Los Angeles River
EFF-001A;Total Dissolved Solids (TDS);;Monthly Average (Mean);=;61520;lb/day;;;;2022-12-31;00:00:00;2022-12-31;00:00:00;;;;Los Angeles-Glendale WWRP; Monthly SMR ( MONNPDES ) report for December 2022;34,1372;-118,27422;Los Angeles River
EFF-001A;Total Dissolved Solids (TDS);Standard Method (19th) 2540 C: Total Diss. Solids at 180 deg.;;=;784;mg/L;35,0;35,0;35,0;2022-06-01;23:55:00;2022-06-02;00:00:00;;;;Los Angeles-Glendale WWRP; Monthly SMR ( MONNPDES ) report for June 2022;34,1372;-118,27422;Los Angeles River
EFF-001A;Total Dissolved Solids (TDS);;Monthly Average (Mean);=;40850;lb/day;;;;2023-12-31;00:00:00;2023-12-31;00:00:00;;;;Los Angeles-Glendale WWRP; Monthly SMR ( MONNPDES ) report for December 2023;34,1372;-118,27422;Los Angeles River
EFF-001A;Total Dissolved Solids (TDS);;Monthly Average (Mean);=;784;mg/L;35,0;;35,0;2022-06-30;00:00:00;2022-06-30;00:00:00;;;;Los Angeles-Glendale WWRP; Monthly SMR ( MONNPDES ) report for June 2022;34,1372;-118,27422;Los Angeles River
EFF-001A;Total Dissolved Solids (TDS);;Monthly Average (Mean);=;65623;lb/day;;;;2024-12-31;00:00:00;2024-12-31;00:00:00;;;;Los Angeles-Glendale WWRP; Monthly SMR ( MONNPDES ) report for December 2024;34,1372;-118,27422;Los Angeles River
EFF-001A;Total Dissolved Solids (TDS);Standard Method (19th) 2540 C: Total Diss. Solids at 180 deg.;;=;782;mg/L;35,0;35,0;35,0;2022-07-08;23:55:00;2022-07-12;00:00:00;;;;Los Angeles-Glendale WWRP; Monthly SMR ( MONNPDES ) report for July 2022;34,1372;-118,27422;Los Angeles River
EFF-001A;Total Dissolved Solids (TDS);;Monthly Average (Mean);=;782;mg/L;35,0;;35,0;2022-07-31;00:00:00;2022-07-31;00:00:00;;;;Los Angeles-Glendale WWRP; Monthly SMR ( MONNPDES ) report for July 2022;34,1372;-118,27422;Los Angeles River
EFF-001A;Total Dissolved Solids (TDS);;Monthly Average (Mean);=;45959;lb/day;;;;2025-12-31;00:00:00;2025-12-31;00:00:00;;;;Los Angeles-Glendale WWRP; Monthly SMR ( MONNPDES ) report for December 2025;34,1372;-118,27422;Los Angeles River
EFF-001A;Total Dissolved Solids (TDS);Standard Method (19th) 2540 C: Total Diss. Solids at 180 deg.;;=;836;mg/L;28,0;28,0;28,0;2022-08-01;23:55:00;2022-08-04;00:00:00;;;;Los Angeles-Glendale WWRP; Monthly SMR ( MONNPDES ) report for August 2022;34,1372;-118,27422;Los Angeles River
RSW-LAGT650;Total Dissolved Solids (TDS);Standard Method (19th) 2540 C: Total Diss. Solids at 180 deg.;;=;624;mg/L;28,0;28,0;28,0;2022-08-16;08:00:00;2022-08-18;00:00:00;;;;Los Angeles-Glendale WWRP; Monthly SMR ( MONNPDES ) report for August 2022;34,1377;-118,27532;Los Angeles River
RSW-LAGT654(a);Total Dissolved Solids (TDS);Standard Method (19th) 2540 C: Total Diss. Solids at 180 deg.;;=;616;mg/L;28,0;28,0;28,0;2022-08-16;08:30:00;2022-08-18;00:00:00;;;;Los Angeles-Glendale WWRP; Monthly SMR ( MONNPDES ) report for August 2022;34,13;-118,27314;Los Angeles River
EFF-001A;Total Dissolved Solids (TDS);;Monthly Average (Mean);=;836;mg/L;28,0;;28,0;2022-08-31;00:00:00;2022-08-31;00:00:00;;;;Los Angeles-Glendale WWRP; Monthly SMR ( MONNPDES ) report for August 2022;34,1372;-118,27422;Los Angeles River
EFF-001A;Total Dissolved Solids (TDS);Standard Method (19th) 2540 C: Total Diss. Solids at 180 deg.;;=;760;mg/L;35,0;35,0;35,0;2022-09-04;23:55:00;2022-09-06;00:00:00;;;;Los Angeles-Glendale WWRP; Monthly SMR ( MONNPDES ) report for September 2022;34,1372;-118,27422;Los Angeles River
EFF-001A;Total Dissolved Solids (TDS);;Monthly Average (Mean);=;760;mg/L;35,0;;35,0;2022-09-30;00:00:00;2022-09-30;00:00:00;;;;Los Angeles-Glendale WWRP; Monthly SMR ( MONNPDES ) report for September 2022;34,1372;-118,27422;Los Angeles River
EFF-001A;Total Dissolved Solids (TDS);Standard Method (19th) 2540 C: Total Diss. Solids at 180 deg.;;=;786;mg/L;35,0;35,0;35,0;2022-10-04;23:55:00;2022-10-07;00:00:00;;;;Los Angeles-Glendale WWRP; Monthly SMR ( MONNPDES ) report for October 2022;34,1372;-118,27422;Los Angeles River
EFF-001A;Total Dissolved Solids (TDS);;Monthly Average (Mean);=;786;mg/L;35,0;;35,0;2022-10-31;00:00:00;2022-10-31;00:00:00;;;;Los Angeles-Glendale WWRP; Monthly SMR ( MONNPDES ) report for October 2022;34,1372;-118,27422;Los Angeles River
EFF-001A;Total Dissolved Solids (TDS);Standard Method (19th) 2540 C: Total Diss. Solids at 180 deg.;;=;764;mg/L;35,0;35,0;35,0;2022-11-03;23:55:00;2022-11-07;00:00:00;;;;Los Angeles-Glendale WWRP; Monthly SMR ( MONNPDES ) report for November 2022;34,1372;-118,27422;Los Angeles River
RSW-LAGT650;Total Dissolved Solids (TDS);Standard Method (19th) 2540 C: Total Diss. Solids at 180 deg.;;=;580;mg/L;35,0;35,0;35,0;2022-11-15;07:40:00;2022-11-15;00:00:00;;;;Los Angeles-Glendale WWRP; Monthly SMR ( MONNPDES ) report for November 2022;34,1377;-118,27532;Los Angeles River
RSW-LAGT654(a);Total Dissolved Solids (TDS);Standard Method (19th) 2540 C: Total Diss. Solids at 180 deg.;;=;618;mg/L;35,0;35,0;35,0;2022-11-15;08:10:00;2022-11-15;00:00:00;;;;Los Angeles-Glendale WWRP; Monthly SMR ( MONNPDES ) report for November 2022;34,13;-118,27314;Los Angeles River
EFF-001A;Total Dissolved Solids (TDS);;Monthly Average (Mean);=;764;mg/L;35,0;;35,0;2022-11-30;00:00:00;2022-11-30;00:00:00;;;;Los Angeles-Glendale WWRP; Monthly SMR ( MONNPDES ) report for November 2022;34,1372;-118,27422;Los Angeles River
EFF-001A;Total Dissolved Solids (TDS);Standard Method (19th) 2540 C: Total Diss. Solids at 180 deg.;;=;766;mg/L;35,0;35,0;35,0;2022-12-03;23:59:00;2022-12-06;00:00:00;;;;Los Angeles-Glendale WWRP; Monthly SMR ( MONNPDES ) report for December 2022;34,1372;-118,27422;Los Angeles River
EFF-001A;Total Dissolved Solids (TDS);;Monthly Average (Mean);=;766;mg/L;35,0;;35,0;2022-12-31;00:00:00;2022-12-31;00:00:00;;;;Los Angeles-Glendale WWRP; Monthly SMR ( MONNPDES ) report for December 2022;34,1372;-118,27422;Los Angeles River
EFF-001A;Total Dissolved Solids (TDS);Standard Method (19th) 2540 C: Total Diss. Solids at 180 deg.;;=;746;mg/L;35,0;35,0;35,0;2023-01-03;12:00:00;2023-01-05;00:00:00;;;;Los Angeles-Glendale WWRP; Monthly SMR ( MONNPDES ) report for January 2023;34,1372;-118,27422;Los Angeles River
EFF-001A;Total Dissolved Solids (TDS);;Monthly Average (Mean);=;746;mg/L;35,0;;35,0;2023-01-31;00:00:00;2023-01-31;00:00:00;;;;Los Angeles-Glendale WWRP; Monthly SMR ( MONNPDES ) report for January 2023;34,1372;-118,27422;Los Angeles River
EFF-001A;Total Dissolved Solids (TDS);Standard Method (19th) 2540 C: Total Diss. Solids at 180 deg.;;=;742;mg/L;35,0;35,0;35,0;2023-02-04;23:55:00;2023-02-08;00:00:00;;;;Los Angeles-Glendale WWRP; Monthly SMR ( MONNPDES ) report for February 2023;34,1372;-118,27422;Los Angeles River
RSW-LAGT650;Total Dissolved Solids (TDS);Standard Method (19th) 2540 C: Total Diss. Solids at 180 deg.;;=;606;mg/L;35,0;35,0;35,0;2023-02-07;07:45:00;2023-02-08;00:00:00;;;;Los Angeles-Glendale WWRP; Monthly SMR ( MONNPDES ) report for February 2023;34,1377;-118,27532;Los Angeles River
RSW-LAGT654(a);Total Dissolved Solids (TDS);Standard Method (19th) 2540 C: Total Diss. Solids at 180 deg.;;=;662;mg/L;35,0;35,0;35,0;2023-02-07;08:15:00;2023-02-08;00:00:00;;;;Los Angeles-Glendale WWRP; Monthly SMR ( MONNPDES ) report for February 2023;34,13;-118,27314;Los Angeles River
EFF-001A;Total Dissolved Solids (TDS);;Monthly Average (Mean);=;742;mg/L;35,0;;35,0;2023-02-28;00:00:00;2023-02-28;00:00:00;;;;Los Angeles-Glendale WWRP; Monthly SMR ( MONNPDES ) report for February 2023;34,1372;-118,27422;Los Angeles River
EFF-001A;Total Dissolved Solids (TDS);Standard Method (19th) 2540 C: Total Diss. Solids at 180 deg.;;=;680;mg/L;35,0;35,0;35,0;2023-03-02;23:55:00;2023-03-06;00:00:00;;;;Los Angeles-Glendale WWRP; Monthly SMR ( MONNPDES ) report for March 2023;34,1372;-118,27422;Los Angeles River
EFF-001A;Total Dissolved Solids (TDS);;Monthly Average (Mean);=;680;mg/L;35,0;;35,0;2023-03-31;00:00:00;2023-03-31;00:00:00;;;;Los Angeles-Glendale WWRP; Monthly SMR ( MONNPDES ) report for March 2023;34,1372;-118,27422;Los Angeles River
EFF-001A;Total Dissolved Solids (TDS);Standard Method (19th) 2540 C: Total Diss. Solids at 180 deg.;;=;556;mg/L;35,0;35,0;35,0;2023-04-03;23:55:00;2023-04-07;00:00:00;;;;Los Angeles-Glendale WWRP; Monthly SMR ( MONNPDES ) report for April 2023;34,1372;-118,27422;Los Angeles River
EFF-001A;Total Dissolved Solids (TDS);;Monthly Average (Mean);=;556;mg/L;35,0;;35,0;2023-04-30;00:00:00;2023-04-30;00:00:00;;;;Los Angeles-Glendale WWRP; Monthly SMR ( MONNPDES ) report for April 2023;34,1372;-118,27422;Los Angeles River
RSW-LAGT650;Total Dissolved Solids (TDS);Standard Method (19th) 2540 C: Total Diss. Solids at 180 deg.;;=;908;mg/L;35,0;35,0;35,0;2023-05-02;07:15:00;2023-05-04;00:00:00;;;;Los Angeles-Glendale WWRP; Monthly SMR ( MONNPDES ) report for May 2023;34,1377;-118,27532;Los Angeles River
RSW-LAGT654(a);Total Dissolved Solids (TDS);Standard Method (19th) 2540 C: Total Diss. Solids at 180 deg.;;=;902;mg/L;35,0;35,0;35,0;2023-05-02;07:45:00;2023-05-04;00:00:00;;;;Los Angeles-Glendale WWRP; Monthly SMR ( MONNPDES ) report for May 2023;34,13;-118,27314;Los Angeles River
EFF-001A;Total Dissolved Solids (TDS);Standard Method (19th) 2540 C: Total Diss. Solids at 180 deg.;;=;632;mg/L;35,0;35,0;35,0;2023-05-03;23:55:00;2023-05-04;00:00:00;;;;Los Angeles-Glendale WWRP; Monthly SMR ( MONNPDES ) report for May 2023;34,1372;-118,27422;Los Angeles River
EFF-001A;Total Dissolved Solids (TDS);;Monthly Average (Mean);=;632;mg/L;35,0;;35,0;2023-05-31;00:00:00;2023-05-31;00:00:00;;;;Los Angeles-Glendale WWRP; Monthly SMR ( MONNPDES ) report for May 2023;34,1372;-118,27422;Los Angeles River
EFF-001A;Total Dissolved Solids (TDS);Standard Method (19th) 2540 C: Total Diss. Solids at 180 deg.;;=;654;mg/L;35,0;35,0;35,0;2023-06-02;23:55:00;2023-06-05;00:00:00;;;;Los Angeles-Glendale WWRP; Monthly SMR ( MONNPDES ) report for June 2023;34,1372;-118,27422;Los Angeles River
EFF-001A;Total Dissolved Solids (TDS);;Monthly Average (Mean);=;654;mg/L;35,0;;35,0;2023-06-30;00:00:00;2023-06-30;00:00:00;;;;Los Angeles-Glendale WWRP; Monthly SMR ( MONNPDES ) report for June 2023;34,1372;-118,27422;Los Angeles River
EFF-001A;Total Dissolved Solids (TDS);Standard Method (19th) 2540 C: Total Diss. Solids at 180 deg.;;=;654;mg/L;35,0;35,0;35,0;2023-07-07;12:00:00;2023-07-10;00:00:00;;;;Los Angeles-Glendale WWRP; Monthly SMR ( MONNPDES ) report for July 2023;34,1372;-118,27422;Los Angeles River
EFF-001A;Total Dissolved Solids (TDS);;Monthly Average (Mean);=;654;mg/L;35,0;;35,0;2023-07-31;00:00:00;2023-07-31;00:00:00;;;;Los Angeles-Glendale WWRP; Monthly SMR ( MONNPDES ) report for July 2023;34,1372;-118,27422;Los Angeles River
EFF-001A;Total Dissolved Solids (TDS);Standard Method (19th) 2540 C: Total Diss. Solids at 180 deg.;;=;662;mg/L;35,0;35,0;35,0;2023-08-01;23:55:00;2023-08-03;00:00:00;;;;Los Angeles-Glendale WWRP; Monthly SMR ( MONNPDES ) report for August 2023;34,1372;-118,27422;Los Angeles River
RSW-LAGT650;Total Dissolved Solids (TDS);Standard Method (19th) 2540 C: Total Diss. Solids at 180 deg.;;=;600;mg/L;35,0;35,0;35,0;2023-08-01;07:35:00;2023-08-03;00:00:00;;;;Los Angeles-Glendale WWRP; Monthly SMR ( MONNPDES ) report for August 2023;34,1377;-118,27532;Los Angeles River
RSW-LAGT654(a);Total Dissolved Solids (TDS);Standard Method (19th) 2540 C: Total Diss. Solids at 180 deg.;;=;584;mg/L;35,0;35,0;35,0;2023-08-01;08:15:00;2023-08-03;00:00:00;;;;Los Angeles-Glendale WWRP; Monthly SMR ( MONNPDES ) report for August 2023;34,13;-118,27314;Los Angeles River
EFF-001A;Total Dissolved Solids (TDS);;Monthly Average (Mean);=;662;mg/L;35,0;;35,0;2023-08-31;00:00:00;2023-08-31;00:00:00;;;;Los Angeles-Glendale WWRP; Monthly SMR ( MONNPDES ) report for August 2023;34,1372;-118,27422;Los Angeles River
EFF-001A;Total Dissolved Solids (TDS);Standard Method (19th) 2540 C: Total Diss. Solids at 180 deg.;;=;626;mg/L;35,0;35,0;35,0;2023-09-04;23:55:00;2023-09-07;00:00:00;;;;Los Angeles-Glendale WWRP; Monthly SMR ( MONNPDES ) report for September 2023;34,1372;-118,27422;Los Angeles River
EFF-001A;Total Dissolved Solids (TDS);;Monthly Average (Mean);=;626;mg/L;35,0;;35,0;2023-09-30;00:00:00;2023-09-30;00:00:00;;;;Los Angeles-Glendale WWRP; Monthly SMR ( MONNPDES ) report for September 2023;34,1372;-118,27422;Los Angeles River
EFF-001A;Total Dissolved Solids (TDS);Standard Method (19th) 2540 C: Total Diss. Solids at 180 deg.;;=;630;mg/L;35,0;35,0;35,0;2023-10-05;23:55:00;2023-10-10;00:00:00;;;;Los Angeles-Glendale WWRP; Monthly SMR ( MONNPDES ) report for October 2023;34,1372;-118,27422;Los Angeles River
EFF-001A;Total Dissolved Solids (TDS);;Monthly Average (Mean);=;630;mg/L;35,0;;35,0;2023-10-31;00:00:00;2023-10-31;00:00:00;;;;Los Angeles-Glendale WWRP; Monthly SMR ( MONNPDES ) report for October 2023;34,1372;-118,27422;Los Angeles River
EFF-001A;Total Dissolved Solids (TDS);Standard Method (19th) 2540 C: Total Diss. Solids at 180 deg.;;=;660;mg/L;35,0;35,0;35,0;2023-11-06;23:55:00;2023-11-07;00:00:00;;;;Los Angeles-Glendale WWRP; Monthly SMR ( MONNPDES ) report for November 2023;34,1372;-118,27422;Los Angeles River
RSW-LAGT650;Total Dissolved Solids (TDS);Standard Method (19th) 2540 C: Total Diss. Solids at 180 deg.;;=;724;mg/L;35,0;35,0;35,0;2023-11-07;07:30:00;2023-11-08;00:00:00;;;;Los Angeles-Glendale WWRP; Monthly SMR ( MONNPDES ) report for November 2023;34,1377;-118,27532;Los Angeles River
RSW-LAGT654(a);Total Dissolved Solids (TDS);Standard Method (19th) 2540 C: Total Diss. Solids at 180 deg.;;=;692;mg/L;35,0;35,0;35,0;2023-11-07;08:15:00;2023-11-08;00:00:00;;;;Los Angeles-Glendale WWRP; Monthly SMR ( MONNPDES ) report for November 2023;34,13;-118,27314;Los Angeles River
EFF-001A;Total Dissolved Solids (TDS);;Monthly Average (Mean);=;660;mg/L;35,0;;35,0;2023-11-30;00:00:00;2023-11-30;00:00:00;;;;Los Angeles-Glendale WWRP; Monthly SMR ( MONNPDES ) report for November 2023;34,1372;-118,27422;Los Angeles River
EFF-001A;Total Dissolved Solids (TDS);Standard Method (19th) 2540 C: Total Diss. Solids at 180 deg.;;=;626;mg/L;35,0;35,0;35,0;2023-12-03;23:55:00;2023-12-05;00:00:00;;;;Los Angeles-Glendale WWRP; Monthly SMR ( MONNPDES ) report for December 2023;34,1372;-118,27422;Los Angeles River
EFF-001A;Total Dissolved Solids (TDS);;Monthly Average (Mean);=;626;mg/L;35,0;;35,0;2023-12-31;00:00:00;2023-12-31;00:00:00;;;;Los Angeles-Glendale WWRP; Monthly SMR ( MONNPDES ) report for December 2023;34,1372;-118,27422;Los Angeles River
EFF-001A;Total Dissolved Solids (TDS);Standard Method (19th) 2540 C: Total Diss. Solids at 180 deg.;;=;598;mg/L;35,0;35,0;35,0;2024-01-05;23:55:00;2024-01-08;00:00:00;;;;Los Angeles-Glendale WWRP; Monthly SMR ( MONNPDES ) report for January 2024;34,1372;-118,27422;Los Angeles River
EFF-001A;Total Dissolved Solids (TDS);;Monthly Average (Mean);=;598;mg/L;35,0;;35,0;2024-01-31;00:00:00;2024-01-31;00:00:00;;;;Los Angeles-Glendale WWRP; Monthly SMR ( MONNPDES ) report for January 2024;34,1372;-118,27422;Los Angeles River
EFF-001A;Total Dissolved Solids (TDS);Standard Method (19th) 2540 C: Total Diss. Solids at 180 deg.;;=;624;mg/L;35,0;35,0;35,0;2024-02-01;23:55:00;2024-02-02;00:00:00;;;;Los Angeles-Glendale WWRP; Monthly SMR ( MONNPDES ) report for February 2024;34,1372;-118,27422;Los Angeles River
RSW-LAGT650;Total Dissolved Solids (TDS);Standard Method (19th) 2540 C: Total Diss. Solids at 180 deg.;;=;1100;mg/L;35,0;35,0;35,0;2024-02-13;07:30:00;2024-02-13;00:00:00;;;;Los Angeles-Glendale WWRP; Monthly SMR ( MONNPDES ) report for February 2024;34,1377;-118,27532;Los Angeles River
RSW-LAGT654(a);Total Dissolved Solids (TDS);Standard Method (19th) 2540 C: Total Diss. Solids at 180 deg.;;=;1090;mg/L;35,0;35,0;35,0;2024-02-13;08:00:00;2024-02-13;00:00:00;;;;Los Angeles-Glendale WWRP; Monthly SMR ( MONNPDES ) report for February 2024;34,13;-118,27314;Los Angeles River
EFF-001A;Total Dissolved Solids (TDS);;Monthly Average (Mean);=;624;mg/L;35,0;;35,0;2024-02-29;00:00:00;2024-02-29;00:00:00;;;;Los Angeles-Glendale WWRP; Monthly SMR ( MONNPDES ) report for February 2024;34,1372;-118,27422;Los Angeles River
EFF-001A;Total Dissolved Solids (TDS);Standard Method (19th) 2540 C: Total Diss. Solids at 180 deg.;;=;718;mg/L;35,0;35,0;35,0;2024-03-06;23:55:00;2024-03-07;00:00:00;;;;Los Angeles-Glendale WWRP; Monthly SMR ( MONNPDES ) report for March 2024;34,1372;-118,27422;Los Angeles River
EFF-001A;Total Dissolved Solids (TDS);;Monthly Average (Mean);=;718;mg/L;35,0;;35,0;2024-03-31;00:00:00;2024-03-31;00:00:00;;;;Los Angeles-Glendale WWRP; Monthly SMR ( MONNPDES ) report for March 2024;34,1372;-118,27422;Los Angeles River
EFF-001A;Total Dissolved Solids (TDS);Standard Method (19th) 2540 C: Total Diss. Solids at 180 deg.;;=;680;mg/L;35,0;35,0;35,0;2024-04-02;23:55:00;2024-04-04;00:00:00;;;;Los Angeles-Glendale WWRP; Monthly SMR ( MONNPDES ) report for April 2024;34,1372;-118,27422;Los Angeles River
EFF-001A;Total Dissolved Solids (TDS);;Monthly Average (Mean);=;680;mg/L;35,0;;35,0;2024-04-30;00:00:00;2024-04-30;00:00:00;;;;Los Angeles-Glendale WWRP; Monthly SMR ( MONNPDES ) report for April 2024;34,1372;-118,27422;Los Angeles River
EFF-001A;Total Dissolved Solids (TDS);Standard Method (19th) 2540 C: Total Diss. Solids at 180 deg.;;=;730;mg/L;35,0;35,0;35,0;2024-05-01;23:55:00;2024-05-07;00:00:00;;;;Los Angeles-Glendale WWRP; Monthly SMR ( MONNPDES ) report for May 2024;34,1372;-118,27422;Los Angeles River
RSW-LAGT650;Total Dissolved Solids (TDS);Standard Method (19th) 2540 C: Total Diss. Solids at 180 deg.;;=;994;mg/L;35,0;35,0;35,0;2024-05-07;07:20:00;2024-05-07;00:00:00;;;;Los Angeles-Glendale WWRP; Monthly SMR ( MONNPDES ) report for May 2024;34,1377;-118,27532;Los Angeles River
RSW-LAGT654(a);Total Dissolved Solids (TDS);Standard Method (19th) 2540 C: Total Diss. Solids at 180 deg.;;=;980;mg/L;35,0;35,0;35,0;2024-05-07;08:25:00;2024-05-07;00:00:00;;;;Los Angeles-Glendale WWRP; Monthly SMR ( MONNPDES ) report for May 2024;34,13;-118,27314;Los Angeles River
EFF-001A;Total Dissolved Solids (TDS);;Monthly Average (Mean);=;730;mg/L;35,0;;35,0;2024-05-31;00:00:00;2024-05-31;00:00:00;;;;Los Angeles-Glendale WWRP; Monthly SMR ( MONNPDES ) report for May 2024;34,1372;-118,27422;Los Angeles River
EFF-001A;Total Dissolved Solids (TDS);Standard Method (19th) 2540 C: Total Diss. Solids at 180 deg.;;=;732;mg/L;35,0;35,0;35,0;2024-06-08;23:59:00;2024-06-11;00:00:00;;;;Los Angeles-Glendale WWRP; Monthly SMR ( MONNPDES ) report for June 2024;34,1372;-118,27422;Los Angeles River
EFF-001A;Total Dissolved Solids (TDS);;Monthly Average (Mean);=;732;mg/L;35,0;;35,0;2024-06-30;00:00:00;2024-06-30;00:00:00;;;;Los Angeles-Glendale WWRP; Monthly SMR ( MONNPDES ) report for June 2024;34,1372;-118,27422;Los Angeles River
EFF-001A;Total Dissolved Solids (TDS);Standard Method (19th) 2540 C: Total Diss. Solids at 180 deg.;;=;688;mg/L;35,0;35,0;35,0;2024-07-01;23:55:00;2024-07-02;00:00:00;;;;Los Angeles-Glendale WWRP; Monthly SMR ( MONNPDES ) report for July 2024;34,1372;-118,27422;Los Angeles River
EFF-001A;Total Dissolved Solids (TDS);;Monthly Average (Mean);=;688;mg/L;35,0;;35,0;2024-07-31;00:00:00;2024-07-31;00:00:00;;;;Los Angeles-Glendale WWRP; Monthly SMR ( MONNPDES ) report for July 2024;34,1372;-118,27422;Los Angeles River
EFF-001A;Total Dissolved Solids (TDS);Standard Method (19th) 2540 C: Total Diss. Solids at 180 deg.;;=;684;mg/L;35,0;35,0;35,0;2024-08-04;23:55:00;2024-08-06;00:00:00;;;;Los Angeles-Glendale WWRP; Monthly SMR ( MONNPDES ) report for August 2024;34,1372;-118,27422;Los Angeles River
RSW-LAGT650;Total Dissolved Solids (TDS);Standard Method (19th) 2540 C: Total Diss. Solids at 180 deg.;;=;818;mg/L;35,0;35,0;35,0;2024-08-06;07:52:00;2024-08-06;00:00:00;;;;Los Angeles-Glendale WWRP; Monthly SMR ( MONNPDES ) report for August 2024;34,1377;-118,27532;Los Angeles River
RSW-LAGT654(a);Total Dissolved Solids (TDS);Standard Method (19th) 2540 C: Total Diss. Solids at 180 deg.;;=;798;mg/L;35,0;35,0;35,0;2024-08-06;08:21:00;2024-08-06;00:00:00;;;;Los Angeles-Glendale WWRP; Monthly SMR ( MONNPDES ) report for August 2024;34,13;-118,27314;Los Angeles River
EFF-001A;Total Dissolved Solids (TDS);;Monthly Average (Mean);=;684;mg/L;35,0;;35,0;2024-08-31;00:00:00;2024-08-31;00:00:00;;;;Los Angeles-Glendale WWRP; Monthly SMR ( MONNPDES ) report for August 2024;34,1372;-118,27422;Los Angeles River
EFF-001A;Total Dissolved Solids (TDS);Standard Method (19th) 2540 C: Total Diss. Solids at 180 deg.;;=;718;mg/L;35,0;35,0;35,0;2024-09-01;23:55:00;2024-09-03;00:00:00;;;;Los Angeles-Glendale WWRP; Monthly SMR ( MONNPDES ) report for September 2024;34,1372;-118,27422;Los Angeles River
EFF-001A;Total Dissolved Solids (TDS);;Monthly Average (Mean);=;718;mg/L;35,0;;35,0;2024-09-30;00:00:00;2024-09-30;00:00:00;;;;Los Angeles-Glendale WWRP; Monthly SMR ( MONNPDES ) report for September 2024;34,1372;-118,27422;Los Angeles River
EFF-001A;Total Dissolved Solids (TDS);Standard Method (19th) 2540 C: Total Diss. Solids at 180 deg.;;=;788;mg/L;35,0;35,0;35,0;2024-10-01;23:55:00;2024-10-07;00:00:00;;;;Los Angeles-Glendale WWRP; Monthly SMR ( MONNPDES ) report for October 2024;34,1372;-118,27422;Los Angeles River
EFF-001A;Total Dissolved Solids (TDS);;Monthly Average (Mean);=;788;mg/L;35,0;;35,0;2024-10-31;00:00:00;2024-10-31;00:00:00;;;;Los Angeles-Glendale WWRP; Monthly SMR ( MONNPDES ) report for October 2024;34,1372;-118,27422;Los Angeles River
EFF-001A;Total Dissolved Solids (TDS);Standard Method (19th) 2540 C: Total Diss. Solids at 180 deg.;;=;702;mg/L;35,0;35,0;35,0;2024-11-04;23:55:00;2024-11-05;00:00:00;;;;Los Angeles-Glendale WWRP; Monthly SMR ( MONNPDES ) report for November 2024;34,1372;-118,27422;Los Angeles River
RSW-LAGT650;Total Dissolved Solids (TDS);Standard Method (19th) 2540 C: Total Diss. Solids at 180 deg.;;=;736;mg/L;35,0;35,0;35,0;2024-11-05;08:30:00;2024-11-05;00:00:00;;;;Los Angeles-Glendale WWRP; Monthly SMR ( MONNPDES ) report for November 2024;34,1377;-118,27532;Los Angeles River
RSW-LAGT654(a);Total Dissolved Solids (TDS);Standard Method (19th) 2540 C: Total Diss. Solids at 180 deg.;;=;732;mg/L;35,0;35,0;35,0;2024-11-05;09:00:00;2024-11-05;00:00:00;;;;Los Angeles-Glendale WWRP; Monthly SMR ( MONNPDES ) report for November 2024;34,13;-118,27314;Los Angeles River
EFF-001A;Total Dissolved Solids (TDS);;Monthly Average (Mean);=;702;mg/L;35,0;;35,0;2024-11-30;00:00:00;2024-11-30;00:00:00;;;;Los Angeles-Glendale WWRP; Monthly SMR ( MONNPDES ) report for November 2024;34,1372;-118,27422;Los Angeles River
EFF-001A;Total Dissolved Solids (TDS);Standard Method (19th) 2540 C: Total Diss. Solids at 180 deg.;;=;740;mg/L;35,0;35,0;35,0;2024-12-06;23:55:00;2024-12-09;00:00:00;;;;Los Angeles-Glendale WWRP; Monthly SMR ( MONNPDES ) report for December 2024;34,1372;-118,27422;Los Angeles River
EFF-001A;Total Dissolved Solids (TDS);;Monthly Average (Mean);=;740;mg/L;35,0;;35,0;2024-12-31;00:00:00;2024-12-31;00:00:00;;;;Los Angeles-Glendale WWRP; Monthly SMR ( MONNPDES ) report for December 2024;34,1372;-118,27422;Los Angeles River
EFF-001A;Total Dissolved Solids (TDS);Standard Method (19th) 2540 C: Total Diss. Solids at 180 deg.;;=;704;mg/L;35,0;35,0;35,0;2025-01-06;23:55:00;2025-01-07;00:00:00;;;;Los Angeles-Glendale WWRP; Monthly SMR ( MONNPDES ) report for January 2025;34,1372;-118,27422;Los Angeles River
EFF-001A;Total Dissolved Solids (TDS);;Monthly Average (Mean);=;704;mg/L;35,0;;35,0;2025-01-31;00:00:00;2025-01-31;00:00:00;;;;Los Angeles-Glendale WWRP; Monthly SMR ( MONNPDES ) report for January 2025;34,1372;-118,27422;Los Angeles River
EFF-001A;Total Dissolved Solids (TDS);Standard Method (19th) 2540 C: Total Diss. Solids at 180 deg.;;=;772;mg/L;35,0;35,0;35,0;2025-02-04;23:55:00;2025-02-10;00:00:00;;;;Los Angeles-Glendale WWRP; Monthly SMR ( MONNPDES ) report for February 2025;34,1372;-118,27422;Los Angeles River
RSW-LAGT650;Total Dissolved Solids (TDS);Standard Method (19th) 2540 C: Total Diss. Solids at 180 deg.;;=;852;mg/L;35,0;35,0;35,0;2025-02-04;07:45:00;2025-02-10;00:00:00;;;;Los Angeles-Glendale WWRP; Monthly SMR ( MONNPDES ) report for February 2025;34,1377;-118,27532;Los Angeles River
RSW-LAGT654(a);Total Dissolved Solids (TDS);Standard Method (19th) 2540 C: Total Diss. Solids at 180 deg.;;=;812;mg/L;35,0;35,0;35,0;2025-02-04;08:15:00;2025-02-10;00:00:00;;;;Los Angeles-Glendale WWRP; Monthly SMR ( MONNPDES ) report for February 2025;34,13;-118,27314;Los Angeles River
EFF-001A;Total Dissolved Solids (TDS);;Monthly Average (Mean);=;772;mg/L;35,0;;35,0;2025-02-28;00:00:00;2025-02-28;00:00:00;;;;Los Angeles-Glendale WWRP; Monthly SMR ( MONNPDES ) report for February 2025;34,1372;-118,27422;Los Angeles River
EFF-001A;Total Dissolved Solids (TDS);Standard Method (19th) 2540 C: Total Diss. Solids at 180 deg.;;=;736;mg/L;35,0;35,0;35,0;2025-03-07;23:55:00;2025-03-10;00:00:00;;;;Los Angeles-Glendale WWRP; Monthly SMR ( MONNPDES ) report for March 2025;34,1372;-118,27422;Los Angeles River
EFF-001A;Total Dissolved Solids (TDS);;Monthly Average (Mean);=;736;mg/L;35,0;;35,0;2025-03-31;00:00:00;2025-03-31;00:00:00;;;;Los Angeles-Glendale WWRP; Monthly SMR ( MONNPDES ) report for March 2025;34,1372;-118,27422;Los Angeles River
EFF-001A;Total Dissolved Solids (TDS);Standard Method (19th) 2540 C: Total Diss. Solids at 180 deg.;;=;752;mg/L;35,0;35,0;35,0;2025-04-02;23:55:00;2025-04-03;00:00:00;;;;Los Angeles-Glendale WWRP; Monthly SMR ( MONNPDES ) report for April 2025;34,1372;-118,27422;Los Angeles River
EFF-001A;Total Dissolved Solids (TDS);;Monthly Average (Mean);=;752;mg/L;35,0;;35,0;2025-04-30;00:00:00;2025-04-30;00:00:00;;;;Los Angeles-Glendale WWRP; Monthly SMR ( MONNPDES ) report for April 2025;34,1372;-118,27422;Los Angeles River
EFF-001A;Total Dissolved Solids (TDS);Standard Method (19th) 2540 C: Total Diss. Solids at 180 deg.;;=;652;mg/L;35,0;35,0;35,0;2025-05-01;23:55:00;2025-05-06;00:00:00;;;;Los Angeles-Glendale WWRP; Monthly SMR ( MONNPDES ) report for May 2025;34,1372;-118,27422;Los Angeles River
RSW-LAGT650;Total Dissolved Solids (TDS);Standard Method (19th) 2540 C: Total Diss. Solids at 180 deg.;;=;708;mg/L;35,0;35,0;35,0;2025-05-13;07:45:00;2025-05-15;00:00:00;;;;Los Angeles-Glendale WWRP; Monthly SMR ( MONNPDES ) report for May 2025;34,1377;-118,27532;Los Angeles River
RSW-LAGT654(a);Total Dissolved Solids (TDS);Standard Method (19th) 2540 C: Total Diss. Solids at 180 deg.;;=;688;mg/L;35,0;35,0;35,0;2025-05-13;08:15:00;2025-05-15;00:00:00;;;;Los Angeles-Glendale WWRP; Monthly SMR ( MONNPDES ) report for May 2025;34,13;-118,27314;Los Angeles River
EFF-001A;Total Dissolved Solids (TDS);;Monthly Average (Mean);=;652;mg/L;35,0;;35,0;2025-05-31;00:00:00;2025-05-31;00:00:00;;;;Los Angeles-Glendale WWRP; Monthly SMR ( MONNPDES ) report for May 2025;34,1372;-118,27422;Los Angeles River
EFF-001A;Total Dissolved Solids (TDS);Standard Method (19th) 2540 C: Total Diss. Solids at 180 deg.;;=;710;mg/L;35,0;35,0;35,0;2025-06-07;23:55:00;2025-06-10;00:00:00;;;;Los Angeles-Glendale WWRP; Monthly SMR ( MONNPDES ) report for June 2025;34,1372;-118,27422;Los Angeles River
EFF-001A;Total Dissolved Solids (TDS);;Monthly Average (Mean);=;710;mg/L;35,0;;35,0;2025-06-30;00:00:00;2025-06-30;00:00:00;;;;Los Angeles-Glendale WWRP; Monthly SMR ( MONNPDES ) report for June 2025;34,1372;-118,27422;Los Angeles River
EFF-001A;Total Dissolved Solids (TDS);Standard Method (19th) 2540 C: Total Diss. Solids at 180 deg.;;=;682;mg/L;35,0;35,0;35,0;2025-07-07;23:55:00;2025-07-08;00:00:00;;;;Los Angeles-Glendale WWRP; Monthly SMR ( MONNPDES ) report for July 2025;34,1372;-118,27422;Los Angeles River
EFF-001A;Total Dissolved Solids (TDS);;Monthly Average (Mean);=;682;mg/L;35,0;;35,0;2025-07-31;00:00:00;2025-07-31;00:00:00;;;;Los Angeles-Glendale WWRP; Monthly SMR ( MONNPDES ) report for July 2025;34,1372;-118,27422;Los Angeles River
EFF-001A;Total Dissolved Solids (TDS);Standard Method (19th) 2540 C: Total Diss. Solids at 180 deg.;;=;622;mg/L;35,0;35,0;35,0;2025-08-05;23:55:00;2025-08-06;00:00:00;;;;Los Angeles-Glendale WWRP; Monthly SMR ( MONNPDES ) report for August 2025;34,1372;-118,27422;Los Angeles River
RSW-LAGT650;Total Dissolved Solids (TDS);Standard Method (19th) 2540 C: Total Diss. Solids at 180 deg.;;=;656;mg/L;35,0;35,0;35,0;2025-08-05;08:15:00;2025-08-06;00:00:00;;;;Los Angeles-Glendale WWRP; Monthly SMR ( MONNPDES ) report for August 2025;34,1377;-118,27532;Los Angeles River
RSW-LAGT654(a);Total Dissolved Solids (TDS);Standard Method (19th) 2540 C: Total Diss. Solids at 180 deg.;;=;622;mg/L;35,0;35,0;35,0;2025-08-05;08:40:00;2025-08-06;00:00:00;;;;Los Angeles-Glendale WWRP; Monthly SMR ( MONNPDES ) report for August 2025;34,13;-118,27314;Los Angeles River
EFF-001A;Total Dissolved Solids (TDS);;Monthly Average (Mean);=;622;mg/L;35,0;;35,0;2025-08-31;00:00:00;2025-08-31;00:00:00;;;;Los Angeles-Glendale WWRP; Monthly SMR ( MONNPDES ) report for August 2025;34,1372;-118,27422;Los Angeles River
EFF-001A;Total Dissolved Solids (TDS);Standard Method (19th) 2540 C: Total Diss. Solids at 180 deg.;;=;634;mg/L;35,0;35,0;35,0;2025-09-07;23:55:00;2025-09-09;00:00:00;;;;Los Angeles-Glendale WWRP; Monthly SMR ( MONNPDES ) report for September 2025;34,1372;-118,27422;Los Angeles River
EFF-001A;Total Dissolved Solids (TDS);;Monthly Average (Mean);=;634;mg/L;35,0;;35,0;2025-09-30;00:00:00;2025-09-30;00:00:00;;;;Los Angeles-Glendale WWRP; Monthly SMR ( MONNPDES ) report for September 2025;34,1372;-118,27422;Los Angeles River
EFF-001A;Total Dissolved Solids (TDS);Standard Method (19th) 2540 C: Total Diss. Solids at 180 deg.;;=;690;mg/L;35,0;35,0;35,0;2025-10-01;23:55:00;2025-10-06;00:00:00;;;;Los Angeles-Glendale WWRP; Monthly SMR ( MONNPDES ) report for October 2025;34,1372;-118,27422;Los Angeles River
EFF-001A;Total Dissolved Solids (TDS);;Monthly Average (Mean);=;690;mg/L;35,0;;35,0;2025-10-31;00:00:00;2025-10-31;00:00:00;;;;Los Angeles-Glendale WWRP; Monthly SMR ( MONNPDES ) report for October 2025;34,1372;-118,27422;Los Angeles River
RSW-LAGT650;Total Dissolved Solids (TDS);Standard Method (19th) 2540 C: Total Diss. Solids at 180 deg.;;=;706;mg/L;35,0;35,0;35,0;2025-11-04;08:04:00;2025-11-10;00:00:00;;;;Los Angeles-Glendale WWRP; Monthly SMR ( MONNPDES ) report for November 2025;34,1377;-118,27532;Los Angeles River
RSW-LAGT654(a);Total Dissolved Solids (TDS);Standard Method (19th) 2540 C: Total Diss. Solids at 180 deg.;;=;680;mg/L;35,0;35,0;35,0;2025-11-04;08:25:00;2025-11-10;00:00:00;;;;Los Angeles-Glendale WWRP; Monthly SMR ( MONNPDES ) report for November 2025;34,13;-118,27314;Los Angeles River
EFF-001A;Total Dissolved Solids (TDS);Standard Method (19th) 2540 C: Total Diss. Solids at 180 deg.;;=;688;mg/L;35,0;35,0;35,0;2025-11-12;23:55:00;2025-11-18;00:00:00;;;;Los Angeles-Glendale WWRP; Monthly SMR ( MONNPDES ) report for November 2025;34,1372;-118,27422;Los Angeles River
EFF-001A;Total Dissolved Solids (TDS);;Monthly Average (Mean);=;688;mg/L;35,0;;35,0;2025-11-30;00:00:00;2025-11-30;00:00:00;;;;Los Angeles-Glendale WWRP; Monthly SMR ( MONNPDES ) report for November 2025;34,1372;-118,27422;Los Angeles River
EFF-001A;Total Dissolved Solids (TDS);Standard Method (19th) 2540 C: Total Diss. Solids at 180 deg.;;=;654;mg/L;35,0;35,0;35,0;2025-12-28;23:55:00;2025-12-30;00:00:00;;;;Los Angeles-Glendale WWRP; Monthly SMR ( MONNPDES ) report for December 2025;34,1372;-118,27422;Los Angeles River
EFF-001A;Total Dissolved Solids (TDS);;Monthly Average (Mean);=;654;mg/L;35,0;;35,0;2025-12-31;00:00:00;2025-12-31;00:00:00;;;;Los Angeles-Glendale WWRP; Monthly SMR ( MONNPDES ) report for December 2025;34,1372;-118,27422;Los Angeles River
EFF-001A;Total Dissolved Solids (TDS);Standard Method (19th) 2540 C: Total Diss. Solids at 180 deg.;;=;700;mg/L;35,0;35,0;35,0;2026-01-06;23:55:00;2026-01-07;00:00:00;;;;Los Angeles-Glendale WWRP; Monthly SMR ( MONNPDES ) report for January 2026;34,1372;-118,27422;Los Angeles River
EFF-001A;Total Dissolved Solids (TDS);;Monthly Average (Mean);=;700;mg/L;35,0;;35,0;2026-01-31;00:00:00;2026-01-31;00:00:00;;;;Los Angeles-Glendale WWRP; Monthly SMR ( MONNPDES ) report for January 2026;34,1372;-118,27422;Los Angeles River
EFF-001A;Total Dissolved Solids (TDS);Standard Method (19th) 2540 C: Total Diss. Solids at 180 deg.;;=;728;mg/L;35,0;35,0;35,0;2026-02-02;23:55:00;2026-02-03;00:00:00;;;;Los Angeles-Glendale WWRP; Monthly SMR ( MONNPDES ) report for February 2026;34,1372;-118,27422;Los Angeles River
RSW-LAGT650;Total Dissolved Solids (TDS);Standard Method (19th) 2540 C: Total Diss. Solids at 180 deg.;;=;820;mg/L;35,0;35,0;35,0;2026-02-10;09:10:00;2026-02-10;00:00:00;;;;Los Angeles-Glendale WWRP; Monthly SMR ( MONNPDES ) report for February 2026;34,1377;-118,27532;Los Angeles River
RSW-LAGT654(a);Total Dissolved Solids (TDS);Standard Method (19th) 2540 C: Total Diss. Solids at 180 deg.;;=;802;mg/L;35,0;35,0;35,0;2026-02-10;09:32:00;2026-02-10;00:00:00;;;;Los Angeles-Glendale WWRP; Monthly SMR ( MONNPDES ) report for February 2026;34,13;-118,27314;Los Angeles River
EFF-001A;Total Dissolved Solids (TDS);;Monthly Average (Mean);=;728;mg/L;35,0;;35,0;2026-02-28;00:00:00;2026-02-28;00:00:00;;;;Los Angeles-Glendale WWRP; Monthly SMR ( MONNPDES ) report for February 2026;34,1372;-118,27422;Los Angeles River
EFF-001A;Total Dissolved Solids (TDS);Standard Method (19th) 2540 C: Total Diss. Solids at 180 deg.;;=;716;mg/L;35,0;35,0;35,0;2026-03-01;23:55:00;2026-03-03;00:00:00;;;;Los Angeles-Glendale WWRP; Monthly SMR ( MONNPDES ) report for March 2026;34,1372;-118,27422;Los Angeles River
EFF-001A;Total Dissolved Solids (TDS);;Monthly Average (Mean);=;716;mg/L;35,0;;35,0;2026-03-31;00:00:00;2026-03-31;00:00:00;;;;Los Angeles-Glendale WWRP; Monthly SMR ( MONNPDES ) report for March 2026;34,1372;-118,27422;Los Angeles River
